0
SECTION
2
HEADER
9
$INSUNITS
70
4
9
$ACADVER
1
AC1014
9
$HANDSEED
5
FFFF
0
ENDSEC
0
SECTION
2
TABLES
0
TABLE
2
VPORT
5
8
100
AcDbSymbolTable
0
ENDTAB
0
TABLE
2
LTYPE
5
5
100
AcDbSymbolTable
0
LTYPE
5
14
100
AcDbSymbolTableRecord
100
AcDbLinetypeTableRecord
2
BYBLOCK
70
0
0
LTYPE
5
15
100
AcDbSymbolTableRecord
100
AcDbLinetypeTableRecord
2
BYLAYER
70
0
0
LTYPE
5
16
100
AcDbSymbolTableRecord
100
AcDbLinetypeTableRecord
2
DASHED
70
0
3
Dashed __ __ __ __ __ __ __ __ __ __ __ __ __ _
72
65
73
2
40
0.75
49
0.5
74
0
49
-0.25
74
0
0
ENDTAB
0
TABLE
2
LAYER
5
2
100
AcDbSymbolTable
70
3
0
LAYER
5
50
100
AcDbSymbolTableRecord
100
AcDbLayerTableRecord
2
1
70
0
62
7
6
DASHED
0
LAYER
5
51
100
AcDbSymbolTableRecord
100
AcDbLayerTableRecord
2
0
70
0
62
7
6
CONTINUOUS
0
ENDTAB
0
TABLE
2
STYLE
5
3
100
AcDbSymbolTable
70
1
0
STYLE
5
11
100
AcDbSymbolTableRecord
100
AcDbTextStyleTableRecord
2
STANDARD
70
0
0
ENDTAB
0
TABLE
2
VIEW
5
6
100
AcDbSymbolTable
70
0
0
ENDTAB
0
TABLE
2
UCS
5
7
100
AcDbSymbolTable
70
0
0
ENDTAB
0
TABLE
2
APPID
5
9
100
AcDbSymbolTable
70
2
0
APPID
5
12
100
AcDbSymbolTableRecord
100
AcDbRegAppTableRecord
2
ACAD
70
0
0
ENDTAB
0
TABLE
2
DIMSTYLE
5
A
100
AcDbSymbolTable
70
1
0
ENDTAB
0
TABLE
2
BLOCK_RECORD
5
1
100
AcDbSymbolTable
70
1
0
BLOCK_RECORD
5
1F
100
AcDbSymbolTableRecord
100
AcDbBlockTableRecord
2
*MODEL_SPACE
0
BLOCK_RECORD
5
1B
100
AcDbSymbolTableRecord
100
AcDbBlockTableRecord
2
*PAPER_SPACE
0
ENDTAB
0
ENDSEC
0
SECTION
2
BLOCKS
0
BLOCK
5
20
100
AcDbEntity
100
AcDbBlockBegin
2
*MODEL_SPACE
0
ENDBLK
5
21
100
AcDbEntity
100
AcDbBlockEnd
0
BLOCK
5
1C
100
AcDbEntity
100
AcDbBlockBegin
2
*PAPER_SPACE
0
ENDBLK
5
1D
100
AcDbEntity
100
AcDbBlockEnd
0
ENDSEC
0
SECTION
2
ENTITIES
0
POINT
5
100
100
AcDbEntity
8
0
100
AcDbPoint
10
0
20
0
30
0
0
LWPOLYLINE
5
101
100
AcDbEntity
8
0
100
AcDbPolyline
90
4
70
1
43
0.0
10
964.74110762449982
20
9.2928907851709734
10
963.3268891948419
20
10.707099480242219
10
964.03399360494529
20
11.414208632504332
10
965.44821197203544
20
10
0
ARC
5
102
100
AcDbEntity
8
0
100
AcDbCircle
10
-10.1773108159882
20
-6.270921813808191
30
0
40
1009.5166193690972
210
0
220
0
230
1
100
AcDbArc
50
-1.2901127896615581
51
64.570112789661508
0
LINE
5
103
100
AcDbEntity
8
0
100
AcDbLine
10
995.48650757004066
20
-29
30
0
11
568.86000000000001
21
-29
31
0
0
LINE
5
104
100
AcDbEntity
8
0
100
AcDbLine
10
564.86000000000001
20
-25
30
0
11
564.86000000000001
21
0
31
0
0
ARC
5
105
100
AcDbEntity
8
0
100
AcDbCircle
10
0
20
0
30
0
40
564.86000000000001
210
0
220
0
230
1
100
AcDbArc
50
0
51
63.280000000000008
0
LINE
5
106
100
AcDbEntity
8
0
100
AcDbLine
10
254.07229412246414
20
504.49390481409739
30
0
11
228.07524284165282
21
517.58043162654542
31
0
0
LINE
5
107
100
AcDbEntity
8
0
100
AcDbLine
10
228.07524284165282
20
517.58043162654542
30
0
11
421.70425773624316
21
902.23432045512698
31
0
0
LINE
5
108
100
AcDbEntity
8
0
100
AcDbLine
10
421.70425773624316
20
902.23432045512698
30
0
11
423.31700078084901
21
905.43811656040907
31
0
0
LINE
5
109
100
AcDbEntity
8
0
100
AcDbLine
10
420.94454319231102
20
906.55860870043682
30
0
11
423.31700078084901
21
905.43811656040907
31
0
0
LINE
5
110
100
AcDbEntity
8
0
100
AcDbLine
10
995.48650757004066
20
-29
30
0
11
999.08681608284394
21
-29
31
0
0
LINE
5
111
100
AcDbEntity
8
0
100
AcDbLine
10
568.86000000000001
20
-29
30
0
11
564.86000000000001
21
-29
31
0
0
LINE
5
112
100
AcDbEntity
8
0
100
AcDbLine
10
564.86000000000001
20
-25
30
0
11
564.86000000000001
21
-29
31
0
0
LWPOLYLINE
5
113
100
AcDbEntity
8
0
100
AcDbPolyline
90
4
70
1
43
0.0
10
946.32688919484178
20
10.707099480242219
10
947.03399360494529
20
11.414208632504332
10
948.44821197203544
20
10
10
947.74110762449982
20
9.2928907851709734
0
LWPOLYLINE
5
114
100
AcDbEntity
8
0
100
AcDbPolyline
90
4
70
1
43
0.0
10
929.32688919484178
20
10.707099480242219
10
930.03399360494529
20
11.414208632504332
10
931.44821197203544
20
10
10
930.74110762449982
20
9.2928907851709734
0
LWPOLYLINE
5
115
100
AcDbEntity
8
0
100
AcDbPolyline
90
4
70
1
43
0.0
10
912.3268891948419
20
10.707099480242219
10
913.03399360494541
20
11.414208632504332
10
914.44821197203555
20
10
10
913.74110762449982
20
9.2928907851709734
0
LWPOLYLINE
5
116
100
AcDbEntity
8
0
100
AcDbPolyline
90
4
70
1
43
0.0
10
895.3268891948419
20
10.707099480242219
10
896.03399360494541
20
11.414208632504332
10
897.44821197203555
20
10
10
896.74110762449982
20
9.2928907851709734
0
LWPOLYLINE
5
117
100
AcDbEntity
8
0
100
AcDbPolyline
90
4
70
1
43
0.0
10
878.3268891948419
20
10.707099480242219
10
879.03399360494529
20
11.414208632504332
10
880.44821197203544
20
10
10
879.74110762449982
20
9.2928907851709734
0
LWPOLYLINE
5
118
100
AcDbEntity
8
0
100
AcDbPolyline
90
4
70
1
43
0.0
10
861.32688919484178
20
10.707099480242219
10
862.03399360494529
20
11.414208632504332
10
863.44821197203544
20
10
10
862.74110762449982
20
9.2928907851709734
0
LWPOLYLINE
5
119
100
AcDbEntity
8
0
100
AcDbPolyline
90
4
70
1
43
0.0
10
844.32688919484178
20
10.707099480242219
10
845.03399360494529
20
11.414208632504332
10
846.44821197203544
20
10
10
845.74110762449982
20
9.2928907851709734
0
LWPOLYLINE
5
120
100
AcDbEntity
8
0
100
AcDbPolyline
90
4
70
1
43
0.0
10
827.3268891948419
20
10.707099480242219
10
828.03399360494518
20
11.414208632504332
10
829.44821197203532
20
10
10
828.74110762449982
20
9.2928907851709734
0
LWPOLYLINE
5
121
100
AcDbEntity
8
0
100
AcDbPolyline
90
4
70
1
43
0.0
10
810.3268891948419
20
10.707099480242219
10
811.03399360494541
20
11.414208632504332
10
812.44821197203555
20
10
10
811.74110762449982
20
9.2928907851709734
0
LWPOLYLINE
5
122
100
AcDbEntity
8
0
100
AcDbPolyline
90
4
70
1
43
0.0
10
793.3268891948419
20
10.707099480242219
10
794.03399360494529
20
11.414208632504332
10
795.44821197203544
20
10
10
794.74110762449982
20
9.2928907851709734
0
LWPOLYLINE
5
123
100
AcDbEntity
8
0
100
AcDbPolyline
90
4
70
1
43
0.0
10
776.32688919484178
20
10.707099480242219
10
777.03399360494529
20
11.414208632504332
10
778.44821197203544
20
10
10
777.74110762449982
20
9.2928907851709734
0
LWPOLYLINE
5
124
100
AcDbEntity
8
0
100
AcDbPolyline
90
4
70
1
43
0.0
10
759.32688919484178
20
10.707099480242219
10
760.03399360494529
20
11.414208632504332
10
761.44821197203544
20
10
10
760.74110762449982
20
9.2928907851709734
0
LWPOLYLINE
5
125
100
AcDbEntity
8
0
100
AcDbPolyline
90
4
70
1
43
0.0
10
742.3268891948419
20
10.707099480242219
10
743.03399360494518
20
11.414208632504332
10
744.44821197203532
20
10
10
743.74110762449982
20
9.2928907851709734
0
LWPOLYLINE
5
126
100
AcDbEntity
8
0
100
AcDbPolyline
90
4
70
1
43
0.0
10
725.32688919484167
20
10.707099480242219
10
726.03399360494541
20
11.414208632504332
10
727.44821197203555
20
10
10
726.7411076244997
20
9.2928907851709734
0
LWPOLYLINE
5
127
100
AcDbEntity
8
0
100
AcDbPolyline
90
4
70
1
43
0.0
10
708.3268891948419
20
10.707099480242219
10
709.03399360494529
20
11.414208632504332
10
710.44821197203544
20
10
10
709.74110762449982
20
9.2928907851709734
0
LWPOLYLINE
5
128
100
AcDbEntity
8
0
100
AcDbPolyline
90
4
70
1
43
0.0
10
691.32688919484178
20
10.707099480242219
10
692.03399360494529
20
11.414208632504332
10
693.44821197203544
20
10
10
692.74110762449982
20
9.2928907851709734
0
LWPOLYLINE
5
129
100
AcDbEntity
8
0
100
AcDbPolyline
90
4
70
1
43
0.0
10
674.32688919484178
20
10.707099480242219
10
675.03399360494529
20
11.414208632504332
10
676.44821197203544
20
10
10
675.74110762449982
20
9.2928907851709734
0
LWPOLYLINE
5
130
100
AcDbEntity
8
0
100
AcDbPolyline
90
4
70
1
43
0.0
10
657.3268891948419
20
10.707099480242219
10
658.03399360494518
20
11.414208632504332
10
659.44821197203532
20
10
10
658.74110762449982
20
9.2928907851709734
0
LWPOLYLINE
5
131
100
AcDbEntity
8
0
100
AcDbPolyline
90
4
70
1
43
0.0
10
640.32688919484167
20
10.707099480242219
10
641.03399360494541
20
11.414208632504332
10
642.44821197203555
20
10
10
641.7411076244997
20
9.2928907851709734
0
LWPOLYLINE
5
132
100
AcDbEntity
8
0
100
AcDbPolyline
90
4
70
1
43
0.0
10
623.3268891948419
20
10.707099480242219
10
624.03399360494529
20
11.414208632504332
10
625.44821197203544
20
10
10
624.74110762449982
20
9.2928907851709734
0
LWPOLYLINE
5
133
100
AcDbEntity
8
0
100
AcDbPolyline
90
4
70
1
43
0.0
10
606.32688919484178
20
10.707099480242219
10
607.03399360494529
20
11.414208632504332
10
608.44821197203544
20
10
10
607.74110762449982
20
9.2928907851709734
0
LWPOLYLINE
5
134
100
AcDbEntity
8
0
100
AcDbPolyline
90
4
70
1
43
0.0
10
658.41633516260106
20
22.674529422846227
10
656.97367634742909
20
24.059713722138625
10
657.66626856090124
20
24.7810430684418
10
659.10892731224703
20
23.395858830432221
0
LWPOLYLINE
5
135
100
AcDbEntity
8
0
100
AcDbPolyline
90
4
70
1
43
0.0
10
692.40931726051724
20
23.36530296803987
10
690.96665844534527
20
24.750487267332268
10
691.65925065881765
20
25.471816613635447
10
693.10190941016344
20
24.086632375625861
0
LWPOLYLINE
5
136
100
AcDbEntity
8
0
100
AcDbPolyline
90
4
70
1
43
0.0
10
640.66977751194315
20
24.435656295844979
10
642.11243626328906
20
23.0504720578354
10
641.41984411364263
20
22.329142650249402
10
639.97718529847077
20
23.7143269495418
0
LWPOLYLINE
5
137
100
AcDbEntity
8
0
100
AcDbPolyline
90
4
70
1
43
0.0
10
623.67328646298506
20
24.090269523248157
10
625.11594521433085
20
22.705085285238582
10
624.42335306468465
20
21.983755877652584
10
622.98069424951268
20
23.368940176944982
0
LWPOLYLINE
5
138
100
AcDbEntity
8
0
100
AcDbPolyline
90
4
70
1
43
0.0
10
758.9526226411781
20
26.132034357719554
10
759.64521485465025
20
26.853363704022726
10
761.08787360599626
20
25.468179466013151
10
760.39528145634995
20
24.746850058427157
0
LWPOLYLINE
5
139
100
AcDbEntity
8
0
100
AcDbPolyline
90
4
70
1
43
0.0
10
741.95613159221989
20
25.786647585122733
10
742.64872380569216
20
26.507976931425908
10
744.09138255703795
20
25.122792693416329
10
743.39879040739197
20
24.401463285830335
0
LWPOLYLINE
5
140
100
AcDbEntity
8
0
100
AcDbPolyline
90
4
70
1
43
0.0
10
946.60661639319017
20
30.652618202587767
10
948.04927514453607
20
29.267433964578192
10
947.35668299488975
20
28.546104556992194
10
945.9140241797179
20
29.931288856284588
0
LWPOLYLINE
5
141
100
AcDbEntity
8
0
100
AcDbPolyline
90
4
70
1
43
0.0
10
676.10541836120535
20
23.741245603029043
10
675.41282621155904
20
23.019916195443049
10
673.97016739638718
20
24.405100494735443
10
674.66275960985945
20
25.126429841038622
0
LWPOLYLINE
5
142
100
AcDbEntity
8
0
100
AcDbPolyline
90
4
70
1
43
0.0
10
606.67679541402686
20
23.744882750651335
10
608.11945416537264
20
22.359698512641756
10
607.42686201572644
20
21.638369105055762
10
605.98420320055448
20
23.023553404348156
0
LWPOLYLINE
5
143
100
AcDbEntity
8
0
100
AcDbPolyline
90
4
70
1
43
0.0
10
725.65223275673407
20
26.162590158829087
10
727.09489150807985
20
24.777405920819508
10
726.40229935843354
20
24.05607651323351
10
724.95964054326168
20
25.441260812525908
0
LWPOLYLINE
5
144
100
AcDbEntity
8
0
100
AcDbPolyline
90
4
70
1
43
0.0
10
962.9105152286761
20
30.276675628881414
10
963.60310744214848
20
30.998004975184589
10
965.04576619349427
20
29.612820737175014
10
964.35317404384807
20
28.891491329589019
0
LWPOLYLINE
5
145
100
AcDbEntity
8
0
100
AcDbPolyline
90
4
70
1
43
0.0
10
792.94560473909439
20
26.822807902913198
10
793.63819695256666
20
27.544137249216373
10
795.08085570391256
20
26.158953011206798
10
794.38826355426625
20
25.437623603620803
0
LWPOLYLINE
5
146
100
AcDbEntity
8
0
100
AcDbPolyline
90
4
70
1
43
0.0
10
709.40580830947556
20
23.710689740636695
10
707.96314949430348
20
25.095874039929093
10
708.65574170777586
20
25.817203386232265
10
710.09840045912165
20
24.432019148222686
0
LWPOLYLINE
5
147
100
AcDbEntity
8
0
100
AcDbPolyline
90
4
70
1
43
0.0
10
811.38475460322456
20
25.783010376217625
10
809.94209578805248
20
27.168194675510019
10
810.63468800152486
20
27.889524021813195
10
812.07734675287065
20
26.504339783803616
0
LWPOLYLINE
5
148
100
AcDbEntity
8
0
100
AcDbPolyline
90
4
70
1
43
0.0
10
911.92104208180172
20
29.240515311090949
10
912.61363429527387
20
29.961844657394128
10
914.05629304661966
20
28.576660419384549
10
913.36370089697357
20
27.855331011798551
0
LWPOLYLINE
5
149
100
AcDbEntity
8
0
100
AcDbPolyline
90
4
70
1
43
0.0
10
897.05980199766157
20
28.231273646787724
10
896.36720984801536
20
27.509944239201729
10
894.9245510328434
20
28.895128538494127
10
895.61714324631578
20
29.616457884797303
0
LWPOLYLINE
5
150
100
AcDbEntity
8
0
100
AcDbPolyline
90
4
70
1
43
0.0
10
860.9315689349271
20
28.204354993300484
10
861.62416114839925
20
28.925684339603663
10
863.06681989974527
20
27.540500101594084
10
862.37422775009895
20
26.819170694008086
0
LWPOLYLINE
5
151
100
AcDbEntity
8
0
100
AcDbPolyline
90
4
70
1
43
0.0
10
931.05278409557786
20
28.922047191981367
10
930.36019194593166
20
28.200717784395373
10
928.91753313075969
20
29.58590208368777
10
929.61012534423207
20
30.307231429990942
0
LWPOLYLINE
5
152
100
AcDbEntity
8
0
100
AcDbPolyline
90
4
70
1
43
0.0
10
775.94911369013619
20
26.477421130316372
10
776.64170590360857
20
27.198750476619551
10
778.08436465495436
20
25.813566238609972
10
777.39177250530815
20
25.092236831023978
0
LWPOLYLINE
5
153
100
AcDbEntity
8
0
100
AcDbPolyline
90
4
70
1
43
0.0
10
828.38124565218266
20
26.128397148814443
10
826.9385868370108
20
27.513581448106841
10
827.63117905048284
20
28.234910794410016
10
829.07383780182886
20
26.849726556400437
0
LWPOLYLINE
5
154
100
AcDbEntity
8
0
100
AcDbPolyline
90
4
70
1
43
0.0
10
877.92805998388519
20
28.549741765897309
10
878.62065219735757
20
29.271071112200481
10
880.06331094870336
20
27.885886874190902
10
879.37071879905716
20
27.164557466604911
0
LWPOLYLINE
5
155
100
AcDbEntity
8
0
100
AcDbPolyline
90
4
70
1
43
0.0
10
846.07032885078695
20
27.195113328997259
10
845.37773670114075
20
26.473783921411265
10
843.93507788596878
20
27.858968220703662
10
844.62767009944116
20
28.580297567006838
0
LWPOLYLINE
5
156
100
AcDbEntity
8
0
100
AcDbPolyline
90
4
70
1
43
0.0
10
657.81975673773422
20
36.046807611857801
10
656.34925309224275
20
37.402395686678382
10
657.0270471947108
20
38.137647449450711
10
658.4975507751443
20
36.782059434603546
0
LWPOLYLINE
5
157
100
AcDbEntity
8
0
100
AcDbPolyline
90
4
70
1
43
0.0
10
691.79168802651407
20
37.428069538650838
10
690.32118438102259
20
38.783657613471426
10
690.99897848349099
20
39.518909376243762
10
692.46948206392426
20
38.163321361396598
0
LWPOLYLINE
5
158
100
AcDbEntity
8
0
100
AcDbPolyline
90
4
70
1
43
0.0
10
640.041081550321
20
37.447016486054196
10
641.51158513075438
20
36.091428471207024
10
640.83379109334396
20
35.356176648461272
10
639.36328744785249
20
36.71176472328186
0
LWPOLYLINE
5
159
100
AcDbEntity
8
0
100
AcDbPolyline
90
4
70
1
43
0.0
10
623.05511590593096
20
36.756385522657673
10
624.52561948636435
20
35.400797507810509
10
623.84782544895404
20
34.66554568506475
10
622.37732180346256
20
36.021133759885345
0
LWPOLYLINE
5
160
100
AcDbEntity
8
0
100
AcDbPolyline
90
4
70
1
43
0.0
10
758.26504695858262
20
41.546181467057508
10
758.94284106105101
20
42.281433229829837
10
760.41334464148451
20
40.925845214982672
10
759.73555060407409
20
40.19059339223692
0
LWPOLYLINE
5
161
100
AcDbEntity
8
0
100
AcDbPolyline
90
4
70
1
43
0.0
10
741.27908131419281
20
40.855550503660993
10
741.95687541666098
20
41.590802266433322
10
743.42737899709437
20
40.235214251586157
10
742.74958495968417
20
39.499962428840405
0
LWPOLYLINE
5
162
100
AcDbEntity
8
0
100
AcDbPolyline
90
4
70
1
43
0.0
10
945.78846314934128
20
49.878373827191574
10
947.25896672977467
20
48.522785812344409
10
946.58117269236436
20
47.787533989598657
10
945.11066904687277
20
49.143122064419238
0
LWPOLYLINE
5
163
100
AcDbEntity
8
0
100
AcDbPolyline
90
4
70
1
43
0.0
10
675.48351641953434
20
37.472690398000069
10
674.80572238212403
20
36.737438575254316
10
673.33521873663256
20
38.093026650074904
10
674.01301283910107
20
38.828278412847233
0
LWPOLYLINE
5
164
100
AcDbEntity
8
0
100
AcDbPolyline
90
4
70
1
43
0.0
10
606.06915026154081
20
36.065754559261151
10
607.53965384197431
20
34.710166544413987
10
606.86185980456401
20
33.974914721668227
10
605.39135615907253
20
35.330502796488823
0
LWPOLYLINE
5
165
100
AcDbEntity
8
0
100
AcDbPolyline
90
4
70
1
43
0.0
10
724.97090977227106
20
40.900171303036799
10
726.44141335270444
20
39.544583288189642
10
725.76361931529402
20
38.809331465443876
10
724.29311566980255
20
40.164919540264464
0
LWPOLYLINE
5
166
100
AcDbEntity
8
0
100
AcDbPolyline
90
4
70
1
43
0.0
10
962.09663469126303
20
49.83375302781576
10
962.7744287937312
20
50.569004790588103
10
964.2449323741647
20
49.213416775740924
10
963.5671383367544
20
48.478164952995179
0
LWPOLYLINE
5
167
100
AcDbEntity
8
0
100
AcDbPolyline
90
4
70
1
43
0.0
10
792.2369782473628
20
42.92744339385056
10
792.9147723498312
20
43.662695156622888
10
794.38527593026447
20
42.307107141775724
10
793.70748189285428
20
41.571855319029964
0
LWPOLYLINE
5
168
100
AcDbEntity
8
0
100
AcDbPolyline
90
4
70
1
43
0.0
10
708.77765367090421
20
38.118700502047361
10
707.30715002541274
20
39.474288576867949
10
707.98494412788102
20
40.209540339640277
10
709.45544770831452
20
38.853952324793113
0
LWPOLYLINE
5
169
100
AcDbEntity
8
0
100
AcDbPolyline
90
4
70
1
43
0.0
10
810.6934475372442
20
42.262486282426494
10
809.22294389175272
20
43.618074357247075
10
809.90073799422123
20
44.353326120019418
10
811.3712415746545
20
42.997738105172239
0
LWPOLYLINE
5
170
100
AcDbEntity
8
0
100
AcDbPolyline
90
4
70
1
43
0.0
10
911.13873775809293
20
47.761860137626201
10
911.81653186056133
20
48.497111900398536
10
913.28703544099471
20
47.141523885551365
10
912.60924140358441
20
46.406272062805613
0
LWPOLYLINE
5
171
100
AcDbEntity
8
0
100
AcDbPolyline
90
4
70
1
43
0.0
10
896.30106979660468
20
46.45089292215485
10
895.62327575919437
20
45.71564109940909
10
894.15277211370289
20
47.071229174229678
10
894.83056621617129
20
47.806480937002014
0
LWPOLYLINE
5
172
100
AcDbEntity
8
0
100
AcDbPolyline
90
4
70
1
43
0.0
10
860.18084082492283
20
45.689967247436634
10
860.85863492739122
20
46.425219010208977
10
862.3291385078245
20
45.069630995361798
10
861.65134447041419
20
44.334379172616053
0
LWPOLYLINE
5
173
100
AcDbEntity
8
0
100
AcDbPolyline
90
4
70
1
43
0.0
10
930.27300108538452
20
47.832154848947887
10
929.59520704797433
20
47.096903026202135
10
928.12470340248285
20
48.452491101022723
10
928.80249750495125
20
49.187742863795059
0
LWPOLYLINE
5
174
100
AcDbEntity
8
0
100
AcDbPolyline
90
4
70
1
43
0.0
10
775.25101260297276
20
42.236812430454037
10
775.92880670544105
20
42.972064193226359
10
777.39931028587444
20
41.616476178379202
10
776.72151624846424
20
40.881224355633435
0
LWPOLYLINE
5
175
100
AcDbEntity
8
0
100
AcDbPolyline
90
4
70
1
43
0.0
10
827.67941318163435
20
42.953117245823016
10
826.20890953614298
20
44.308705320643597
10
826.88670363861104
20
45.043957083415918
10
828.35720721904454
20
43.688369068568761
0
LWPOLYLINE
5
176
100
AcDbEntity
8
0
100
AcDbPolyline
90
4
70
1
43
0.0
10
877.16680646931286
20
46.380598210833163
10
877.84460057178126
20
47.115849973605499
10
879.31510415221464
20
45.760261958758328
10
878.63731011480422
20
45.025010136012575
0
LWPOLYLINE
5
177
100
AcDbEntity
8
0
100
AcDbPolyline
90
4
70
1
43
0.0
10
845.34317286343457
20
44.379000031965283
10
844.66537882602427
20
43.643748209219524
10
843.19487518053279
20
44.999336284040119
10
843.87266928300107
20
45.734588046812448
0
LWPOLYLINE
5
178
100
AcDbEntity
8
0
100
AcDbPolyline
90
4
70
1
43
0.0
10
656.95161862807424
20
49.404205038148859
10
655.45387720229837
20
50.72963727765206
10
656.11659338831282
20
51.478507931900722
10
657.61433474782564
20
50.153075751036781
0
LWPOLYLINE
5
179
100
AcDbEntity
8
0
100
AcDbPolyline
90
4
70
1
43
0.0
10
690.88847489081331
20
51.475385137073403
10
689.39073346503744
20
52.80081737657661
10
690.05344965105212
20
53.549688030825273
10
691.55119101056482
20
52.224255849961345
0
LWPOLYLINE
5
180
100
AcDbEntity
8
0
100
AcDbPolyline
90
4
70
1
43
0.0
10
639.14816525694334
20
50.442917882438458
10
640.64590661645616
20
49.117485701574509
10
639.98319049670431
20
48.368614988686573
10
638.48544907092855
20
49.694047228189774
0
LWPOLYLINE
5
181
100
AcDbEntity
8
0
100
AcDbPolyline
90
4
70
1
43
0.0
10
622.17973712557375
20
49.407327832976179
10
623.67747848508657
20
48.081895652112237
10
623.01476236533495
20
47.333024939224302
10
621.51702093955907
20
48.65845717872751
0
LWPOLYLINE
5
182
100
AcDbEntity
8
0
100
AcDbPolyline
90
4
70
1
43
0.0
10
757.2644459905157
20
56.943177574425704
10
757.92716217653037
20
57.692048228674373
10
759.42490353604308
20
56.366616047810439
10
758.76218741629157
20
55.61774533492251
0
LWPOLYLINE
5
183
100
AcDbEntity
8
0
100
AcDbPolyline
90
4
70
1
43
0.0
10
740.29601785914633
20
55.907587524963446
10
740.95873404516078
20
56.656458179212095
10
742.45647540467348
20
55.331025998348167
10
741.79375928492209
20
54.582155285460239
0
LWPOLYLINE
5
184
100
AcDbEntity
8
0
100
AcDbPolyline
90
4
70
1
43
0.0
10
944.57987162159588
20
69.083538772759411
10
946.07761298110859
20
67.758106591895483
10
945.41489686135708
20
67.009235879007548
10
943.91715543558121
20
68.334668118510749
0
LWPOLYLINE
5
185
100
AcDbEntity
8
0
100
AcDbPolyline
90
4
70
1
43
0.0
10
674.58276287919512
20
51.188665800499066
10
673.92004675944361
20
50.439795087611124
10
672.42230533366774
20
51.765227327114332
10
673.08502151968253
20
52.514097981363001
0
LWPOLYLINE
5
186
100
AcDbEntity
8
0
100
AcDbPolyline
90
4
70
1
43
0.0
10
605.21130899420416
20
48.371737783513893
10
606.70905035371698
20
47.046305602649966
10
606.04633423396524
20
46.29743488976203
10
604.54859280818948
20
47.622867129265231
0
LWPOLYLINE
5
187
100
AcDbEntity
8
0
100
AcDbPolyline
90
4
70
1
43
0.0
10
723.9903059137913
20
55.62086812974983
10
725.48804727330412
20
54.295435948885896
10
724.82533115355238
20
53.546565235997946
10
723.32758972777651
20
54.871997475501153
0
LWPOLYLINE
5
188
100
AcDbEntity
8
0
100
AcDbPolyline
90
4
70
1
43
0.0
10
960.88558356695091
20
69.370258167973034
10
961.54829975296548
20
70.119128822221683
10
963.04604111247818
20
68.793696641357769
10
962.38332499272678
20
68.04482592846982
0
LWPOLYLINE
5
189
100
AcDbEntity
8
0
100
AcDbPolyline
90
4
70
1
43
0.0
10
791.20130225325499
20
59.014357673350268
10
791.86401843926978
20
59.763228327598924
10
793.36175979878237
20
58.437796146735003
10
792.69904367903086
20
57.688925433847061
0
LWPOLYLINE
5
190
100
AcDbEntity
8
0
100
AcDbPolyline
90
4
70
1
43
0.0
10
707.85690302218291
20
52.510975186535688
10
706.35916159640715
20
53.836407426038882
10
707.02187778242183
20
54.585278080287551
10
708.51961914193441
20
53.259845899423617
0
LWPOLYLINE
5
191
100
AcDbEntity
8
0
100
AcDbPolyline
90
4
70
1
43
0.0
10
809.66747181040046
20
58.724515483309347
10
808.1697303846247
20
60.04994772281254
10
808.83244657063926
20
60.79881837706121
10
810.33018793015208
20
59.473386196197275
0
LWPOLYLINE
5
192
100
AcDbEntity
8
0
100
AcDbPolyline
90
4
70
1
43
0.0
10
909.98029917284214
20
66.263488019586191
10
910.6430153588567
20
67.012358673834868
10
912.14075671836952
20
65.68692649297094
10
911.47804059861801
20
64.938055780083005
0
LWPOLYLINE
5
193
100
AcDbEntity
8
0
100
AcDbPolyline
90
4
70
1
43
0.0
10
895.17232858699981
20
64.651336443508654
10
894.5096124672483
20
63.902465730620719
10
893.01187104147266
20
65.227897970123919
10
893.67458722748722
20
65.976768624372596
0
LWPOLYLINE
5
194
100
AcDbEntity
8
0
100
AcDbPolyline
90
4
70
1
43
0.0
10
859.07501477873336
20
63.156717871199362
10
859.73773096474804
20
63.905588525448032
10
861.23547232426063
20
62.580156344584097
10
860.57275620450912
20
61.831285631696169
0
LWPOLYLINE
5
195
100
AcDbEntity
8
0
100
AcDbPolyline
90
4
70
1
43
0.0
10
929.10918484973888
20
66.722516542433198
10
928.44646872998737
20
65.973645829545262
10
926.94872730421162
20
67.299078069048463
10
927.61144349022629
20
68.047948723297139
0
LWPOLYLINE
5
196
100
AcDbEntity
8
0
100
AcDbPolyline
90
4
70
1
43
0.0
10
774.2328741218854
20
57.97876762388799
10
774.89559030790008
20
58.727638278136652
10
776.39333166741267
20
57.402206097272725
10
775.73061554766127
20
56.653335384384782
0
LWPOLYLINE
5
197
100
AcDbEntity
8
0
100
AcDbPolyline
90
4
70
1
43
0.0
10
826.63589994177005
20
59.760105532771618
10
825.13815851599418
20
61.085537772274819
10
825.80087470200874
20
61.834408426523481
10
827.29861606152144
20
60.508976245659547
0
LWPOLYLINE
5
198
100
AcDbEntity
8
0
100
AcDbPolyline
90
4
70
1
43
0.0
10
876.04344291010295
20
64.192307920661648
10
876.70615909611752
20
64.94117857491031
10
878.20390045563033
20
63.615746394046376
10
877.54118433587882
20
62.86687568115844
0
LWPOLYLINE
5
199
100
AcDbEntity
8
0
100
AcDbPolyline
90
4
70
1
43
0.0
10
844.26704419289103
20
61.544566295121825
10
843.60432807313953
20
60.79569558223389
10
842.10658664736366
20
62.12112782173709
10
842.76930283337833
20
62.86999847598576
0
LWPOLYLINE
5
200
100
AcDbEntity
8
0
100
AcDbPolyline
90
4
70
1
43
0.0
10
655.81227921645916
20
62.741207530705864
10
654.28791830467378
20
64.035936772910773
10
654.93528299321702
20
64.798117171522534
10
656.45964383756132
20
63.50338798659854
0
LWPOLYLINE
5
201
100
AcDbEntity
8
0
100
AcDbPolyline
90
4
70
1
43
0.0
10
689.70005071584683
20
65.501450781812977
10
688.17568980406145
20
66.7961800240179
10
688.82305449260468
20
67.558360422629676
10
690.34741533694933
20
66.263631237705667
0
LWPOLYLINE
5
202
100
AcDbEntity
8
0
100
AcDbPolyline
90
4
70
1
43
0.0
10
637.99139724352312
20
63.417995545968978
10
639.51575808786765
20
62.123266361044983
10
638.86839346676516
20
61.361085905152279
10
637.34403255497978
20
62.655815147357188
0
LWPOLYLINE
5
203
100
AcDbEntity
8
0
100
AcDbPolyline
90
4
70
1
43
0.0
10
621.04751149382923
20
62.037873920415414
10
622.57187233817376
20
60.743144735491413
10
621.92450771707138
20
59.98096427959873
10
620.40014680528611
20
61.275693521803646
0
LWPOLYLINE
5
204
100
AcDbEntity
8
0
100
AcDbPolyline
90
4
70
1
43
0.0
10
755.95123280283701
20
72.31666652623214
10
756.59859749138025
20
73.078846924843916
10
758.12295833572477
20
71.784117739919921
10
757.47559371462228
20
71.021937284027231
0
LWPOLYLINE
5
205
100
AcDbEntity
8
0
100
AcDbPolyline
90
4
70
1
43
0.0
10
739.00734705314323
20
70.936544900678598
10
739.65471174168624
20
71.698725299290359
10
741.17907258603077
20
70.40399611436635
10
740.5317079649285
20
69.641815658473675
0
LWPOLYLINE
5
206
100
AcDbEntity
8
0
100
AcDbPolyline
90
4
70
1
43
0.0
10
942.98134073801293
20
88.260184805933122
10
944.50570158235746
20
86.965455621009099
10
943.85833696125496
20
86.203275165116423
10
942.3339760494697
20
87.498004407321332
0
LWPOLYLINE
5
207
100
AcDbEntity
8
0
100
AcDbPolyline
90
4
70
1
43
0.0
10
673.40352958725532
20
64.883509612152096
10
672.75616496615282
20
64.121329156259407
10
671.23180405436756
20
65.416058398464315
10
671.87916874291079
20
66.178238797076105
0
LWPOLYLINE
5
208
100
AcDbEntity
8
0
100
AcDbPolyline
90
4
70
1
43
0.0
10
604.10362574413534
20
60.657752294861851
10
605.62798658847987
20
59.363023109937849
10
604.98062196737737
20
58.600842654045167
10
603.45626105559211
20
59.895571896250075
0
LWPOLYLINE
5
209
100
AcDbEntity
8
0
100
AcDbPolyline
90
4
70
1
43
0.0
10
722.71082599199258
20
70.318603673736803
10
724.23518683633699
20
69.023874488812794
10
723.58782221523461
20
68.261694032920104
10
722.06346130344912
20
69.556423275125013
0
LWPOLYLINE
5
210
100
AcDbEntity
8
0
100
AcDbPolyline
90
4
70
1
43
0.0
10
959.2778617991637
20
88.878126032874889
10
959.92522648770682
20
89.640306431486678
10
961.44958733205146
20
88.345577246562669
10
960.80222271094897
20
87.583396790669994
0
LWPOLYLINE
5
211
100
AcDbEntity
8
0
100
AcDbPolyline
90
4
70
1
43
0.0
10
789.83900430222479
20
75.076909777339267
10
790.48636899076814
20
75.839090175951057
10
792.01072983511256
20
74.544360991027048
10
791.36336521401017
20
73.782180535134358
0
LWPOLYLINE
5
212
100
AcDbEntity
8
0
100
AcDbPolyline
90
4
70
1
43
0.0
10
706.64393646554072
20
66.881572407366548
10
705.11957555375534
20
68.176301649571457
10
705.76694024229869
20
68.938482048183232
10
707.29130108664322
20
67.643752863259238
0
LWPOLYLINE
5
213
100
AcDbEntity
8
0
100
AcDbPolyline
90
4
70
1
43
0.0
10
808.30725096370406
20
75.162302160687929
10
806.78289005191868
20
76.457031402892838
10
807.43025474046192
20
77.219211801504613
10
808.95461558480645
20
75.924482616580619
0
LWPOLYLINE
5
214
100
AcDbEntity
8
0
100
AcDbPolyline
90
4
70
1
43
0.0
10
908.44620455008203
20
84.737761156214205
10
909.09356923862538
20
85.499941554826009
10
910.61793008296968
20
84.205212369901986
10
909.97056546186741
20
83.44303191400931
0
LWPOLYLINE
5
215
100
AcDbEntity
8
0
100
AcDbPolyline
90
4
70
1
43
0.0
10
893.6740443332759
20
82.825090744348429
10
893.02667971217352
20
82.062910288455726
10
891.50231880038814
20
83.357639530660649
10
892.14968348893137
20
84.119819929272438
0
LWPOLYLINE
5
216
100
AcDbEntity
8
0
100
AcDbPolyline
90
4
70
1
43
0.0
10
857.61454730100024
20
80.597396279553521
10
858.26191198954348
20
81.359576678165297
10
859.78627283388801
20
80.064847493241302
10
859.13890821278574
20
79.302667037348613
0
LWPOLYLINE
5
217
100
AcDbEntity
8
0
100
AcDbPolyline
90
4
70
1
43
0.0
10
927.56181583266357
20
85.585333995455542
10
926.91445121156119
20
84.823153539562867
10
925.39009029977581
20
86.117882781767761
10
926.03745498831904
20
86.880063180379551
0
LWPOLYLINE
5
218
100
AcDbEntity
8
0
100
AcDbPolyline
90
4
70
1
43
0.0
10
772.89511855253079
20
73.696788151785711
10
773.54248324107414
20
74.458968550397486
10
775.06684408541878
20
73.164239365473492
10
774.41947946431628
20
72.402058909580788
0
LWPOLYLINE
5
219
100
AcDbEntity
8
0
100
AcDbPolyline
90
4
70
1
43
0.0
10
825.25113671339795
20
76.542423786241486
10
823.72677580161269
20
77.837153028446394
10
824.3741404901557
20
78.59933342705817
10
825.89850133450022
20
77.304604242134161
0
LWPOLYLINE
5
220
100
AcDbEntity
8
0
100
AcDbPolyline
90
4
70
1
43
0.0
10
874.55843305069425
20
81.977517905107078
10
875.20579773923737
20
82.739698303718853
10
876.73015858358201
20
81.444969118794859
10
876.08279396247951
20
80.682788662902169
0
LWPOLYLINE
5
221
100
AcDbEntity
8
0
100
AcDbPolyline
90
4
70
1
43
0.0
10
842.84238708419423
20
78.684725867687732
10
842.19502246309173
20
77.922545411795042
10
840.67066155130635
20
79.217274653999951
10
841.3180262398497
20
79.97945505261174
0
LWPOLYLINE
5
222
100
AcDbEntity
8
0
100
AcDbPolyline
90
4
70
1
43
0.0
10
654.40220884244377
20
76.052309337906337
10
652.85185772792056
20
77.315801095574912
10
653.48360367534542
20
78.09097659693758
10
655.03395472127806
20
76.827484895167885
0
LWPOLYLINE
5
223
100
AcDbEntity
8
0
100
AcDbPolyline
90
4
70
1
43
0.0
10
688.22690610423206
20
79.500476263733461
10
686.67655498970885
20
80.763968021402064
10
687.30830093713382
20
81.539143522764732
10
688.85865198306647
20
80.275651820995051
0
LWPOLYLINE
5
224
100
AcDbEntity
8
0
100
AcDbPolyline
90
4
70
1
43
0.0
10
636.57125504445139
20
76.366893134024011
10
638.12160609038392
20
75.10340143225433
10
637.48986021154951
20
74.328225874992725
10
635.93950909702642
20
75.591717632661329
0
LWPOLYLINE
5
225
100
AcDbEntity
8
0
100
AcDbPolyline
90
4
70
1
43
0.0
10
619.65890641355725
20
74.642809671110427
10
621.20925745948978
20
73.379317969340747
10
620.57751158065548
20
72.60414241207917
10
619.02716046613239
20
73.867634169747745
0
LWPOLYLINE
5
226
100
AcDbEntity
8
0
100
AcDbPolyline
90
4
70
1
43
0.0
10
754.32594951328554
20
87.660301873056341
10
754.95769546071051
20
88.435477374419023
10
756.50804650664315
20
87.171985672649356
10
755.87630062780875
20
86.396810115387765
0
LWPOLYLINE
5
227
100
AcDbEntity
8
0
100
AcDbPolyline
90
4
70
1
43
0.0
10
737.41360088239151
20
85.9362184101428
10
738.04534682981625
20
86.711393911505454
10
739.5956978757489
20
85.447902209735759
10
738.96395199691472
20
84.672726652474211
0
LWPOLYLINE
5
228
100
AcDbEntity
8
0
100
AcDbPolyline
90
4
70
1
43
0.0
10
940.99353040054643
20
107.40039546646835
10
942.54388144647908
20
106.13690376469869
10
941.91213556764467
20
105.3617282074371
10
940.36178445312146
20
106.62521996510569
0
LWPOLYLINE
5
229
100
AcDbEntity
8
0
100
AcDbPolyline
90
4
70
1
43
0.0
10
671.94630335217221
20
78.551568358081468
10
671.31455747333791
20
77.776392800819892
10
669.7642063588147
20
79.039884558488467
10
670.39595230623956
20
79.815060059851163
0
LWPOLYLINE
5
230
100
AcDbEntity
8
0
100
AcDbPolyline
90
4
70
1
43
0.0
10
602.74655778266299
20
72.918726208196858
10
604.29690882859552
20
71.655234506427178
10
603.66516294976122
20
70.880058949165601
10
602.11481183523813
20
72.143550706834176
0
LWPOLYLINE
5
231
100
AcDbEntity
8
0
100
AcDbPolyline
90
4
70
1
43
0.0
10
721.13299819892222
20
84.987310448591899
10
722.68334924485487
20
83.723818746822204
10
722.05160336602034
20
82.948643189560613
10
720.50125225149714
20
84.212134947229202
0
LWPOLYLINE
5
232
100
AcDbEntity
8
0
100
AcDbPolyline
90
4
70
1
43
0.0
10
957.2741330840156
20
108.34930342801925
10
957.90587903144058
20
109.12447892938195
10
959.45623007737322
20
107.86098722761226
10
958.82448419853881
20
107.08581167035069
0
LWPOLYLINE
5
233
100
AcDbEntity
8
0
100
AcDbPolyline
90
4
70
1
43
0.0
10
788.15064677507394
20
91.108468798883507
10
788.7823927224988
20
91.883644300246189
10
790.33274376843156
20
90.620152598476523
10
789.70099788959715
20
89.844977041214932
0
LWPOLYLINE
5
234
100
AcDbEntity
8
0
100
AcDbPolyline
90
4
70
1
43
0.0
10
705.13925473512631
20
81.224559726647044
10
703.58890362060311
20
82.488051484315633
10
704.22064956802797
20
83.263226985678301
10
705.77100061396072
20
81.999735283908635
0
LWPOLYLINE
5
235
100
AcDbEntity
8
0
100
AcDbPolyline
90
4
70
1
43
0.0
10
806.6133465204914
20
91.569060504128501
10
805.06299540596819
20
92.832552261797076
10
805.69474135339306
20
93.607727763159758
10
807.2450923993257
20
92.344236061390092
0
LWPOLYLINE
5
236
100
AcDbEntity
8
0
100
AcDbPolyline
90
4
70
1
43
0.0
10
906.53708719133317
20
103.17705303927853
10
907.16883313875815
20
103.95222854064122
10
908.71918418469079
20
102.68873683887153
10
908.08743830585638
20
101.91356128160996
0
LWPOLYLINE
5
237
100
AcDbEntity
8
0
100
AcDbPolyline
90
4
70
1
43
0.0
10
891.80683555379665
20
100.96465337595797
10
891.17508967496224
20
100.18947781869639
10
889.62473856043903
20
101.45296957636496
10
890.25648450786389
20
102.22814507772765
0
LWPOLYLINE
5
238
100
AcDbEntity
8
0
100
AcDbPolyline
90
4
70
1
43
0.0
10
855.80004129865063
20
98.004802650537798
10
856.43178724607549
20
98.77997815190048
10
857.98213829200813
20
97.516486450130799
10
857.35039241317384
20
96.741310892869222
0
LWPOLYLINE
5
239
100
AcDbEntity
8
0
100
AcDbPolyline
90
4
70
1
43
0.0
10
925.63153281558482
20
104.41282030178512
10
924.99978693675052
20
103.63764474452353
10
923.44943582222731
20
104.90113650219212
10
924.08118176965218
20
105.67631200355478
0
LWPOLYLINE
5
240
100
AcDbEntity
8
0
100
AcDbPolyline
90
4
70
1
43
0.0
10
771.23829814417968
20
89.384385335969938
10
771.87004409160465
20
90.159560837332606
10
773.4203951375373
20
88.896069135562925
10
772.78864925870289
20
88.120893578301349
0
LWPOLYLINE
5
241
100
AcDbEntity
8
0
100
AcDbPolyline
90
4
70
1
43
0.0
10
823.52569515138555
20
93.293143967042084
10
821.97534403686234
20
94.556635724710659
10
822.60708998428709
20
95.331811226073327
10
824.15744103021984
20
94.068319524303647
0
LWPOLYLINE
5
242
100
AcDbEntity
8
0
100
AcDbPolyline
90
4
70
1
43
0.0
10
872.71238992954477
20
99.728886113451381
10
873.34413587696974
20
100.50406161481406
10
874.89448692290239
20
99.240569913044382
10
874.26274104406798
20
98.465394355782806
0
LWPOLYLINE
5
243
100
AcDbEntity
8
0
100
AcDbPolyline
90
4
70
1
43
0.0
10
841.06978966111399
20
95.79240298721723
10
840.43804378227958
20
95.017227429955653
10
838.88769266775637
20
96.280719187624229
10
839.51943861518134
20
97.055894688986911
0
LWPOLYLINE
5
244
100
AcDbEntity
8
0
100
AcDbPolyline
90
4
70
1
43
0.0
10
652.72198960813512
20
89.332015400390915
10
651.14628830336346
20
90.563748081673822
10
651.76215471371688
20
91.351598679565853
10
653.33785594877645
20
90.119866052776757
0
LWPOLYLINE
5
245
100
AcDbEntity
8
0
100
AcDbPolyline
90
4
70
1
43
0.0
10
686.46964919624202
20
93.466682536358462
10
684.89394789147025
20
94.698415217641369
10
685.50981430182389
20
95.486265815533415
10
687.08551553688358
20
94.254533188744318
0
LWPOLYLINE
5
246
100
AcDbEntity
8
0
100
AcDbPolyline
90
4
70
1
43
0.0
10
634.88832491966343
20
89.284265111582087
10
636.464026154723
20
88.052532484793005
10
635.84815981408144
20
87.264681832407121
10
634.27245850930967
20
88.496414513690027
0
LWPOLYLINE
5
247
100
AcDbEntity
8
0
100
AcDbPolyline
90
4
70
1
43
0.0
10
618.01449512560998
20
87.216931543598292
10
619.59019636066944
20
85.98519891680921
10
618.97433002002799
20
85.197348264423368
10
617.39862871525634
20
86.429080945706275
0
LWPOLYLINE
5
248
100
AcDbEntity
8
0
100
AcDbPolyline
90
4
70
1
43
0.0
10
752.38926706768427
20
102.96774948957648
10
753.00513347803781
20
103.75560008746851
10
754.58083471309749
20
102.52386746067941
10
753.96496837245593
20
101.73601680829356
0
LWPOLYLINE
5
249
100
AcDbEntity
8
0
100
AcDbPolyline
90
4
70
1
43
0.0
10
735.51543727363082
20
100.9004159215927
10
736.13130368398424
20
101.68826651948473
10
737.70700491904392
20
100.45653389269563
10
737.09113857840248
20
99.668683240309804
0
LWPOLYLINE
5
250
100
AcDbEntity
8
0
100
AcDbPolyline
90
4
70
1
43
0.0
10
938.61726121262632
20
126.49626933529005
10
940.192962447686
20
125.26453670850096
10
939.57709610704444
20
124.47668605611511
10
938.00139480227267
20
125.70841873739802
0
LWPOLYLINE
5
251
100
AcDbEntity
8
0
100
AcDbPolyline
90
4
70
1
43
0.0
10
670.21168574283001
20
92.187199620760524
10
669.59581940218845
20
91.399348968374682
10
668.0201180974168
20
92.631081649657588
10
668.63598450777044
20
93.41893224754962
0
LWPOLYLINE
5
252
100
AcDbEntity
8
0
100
AcDbPolyline
90
4
70
1
43
0.0
10
601.14066533155642
20
85.149597975614526
10
602.71636656661587
20
83.91786534882543
10
602.10050022597454
20
83.130014696439574
10
600.52479892120277
20
84.36174737772248
0
LWPOLYLINE
5
253
100
AcDbEntity
8
0
100
AcDbPolyline
90
4
70
1
43
0.0
10
719.25747388993102
20
99.620932951500961
10
720.83317512499048
20
98.389200324711865
10
720.2173087843488
20
97.601349672326009
10
718.64160747957726
20
98.833082353608916
0
LWPOLYLINE
5
254
100
AcDbEntity
8
0
100
AcDbPolyline
90
4
70
1
43
0.0
10
954.87522459632623
20
127.77575230538179
10
955.49109100667988
20
128.56360290327385
10
957.06679224173945
20
127.33187027648475
10
956.450925901098
20
126.54401962409889
0
LWPOLYLINE
5
255
100
AcDbEntity
8
0
100
AcDbPolyline
90
4
70
1
43
0.0
10
786.1369266557914
20
107.10241662554402
10
786.75279306614493
20
107.89026722343607
10
788.3284943012045
20
106.65853459664697
10
787.71262796056294
20
105.87068394426112
0
LWPOLYLINE
5
256
100
AcDbEntity
8
0
100
AcDbPolyline
90
4
70
1
43
0.0
10
703.34347899029558
20
95.534016104342228
10
701.76777768552381
20
96.765748785625135
10
702.38364409587746
20
97.553599383517181
10
703.95934533093691
20
96.321866756728099
0
LWPOLYLINE
5
257
100
AcDbEntity
8
0
100
AcDbPolyline
90
4
70
1
43
0.0
10
804.5864577546165
20
107.93801751224491
10
803.01075644984485
20
109.16975019352782
10
803.62662286019838
20
109.95760079141985
10
805.20232409525806
20
108.72586816463075
0
LWPOLYLINE
5
258
100
AcDbEntity
8
0
100
AcDbPolyline
90
4
70
1
43
0.0
10
904.25373521416589
20
121.57375160143047
10
904.86960162451953
20
122.36160219932252
10
906.44530285957899
20
121.12986957253342
10
905.82943651893743
20
120.34201892014757
0
LWPOLYLINE
5
259
100
AcDbEntity
8
0
100
AcDbPolyline
90
4
70
1
43
0.0
10
889.57147306552542
20
119.06253600454963
10
888.95560672488398
20
118.2746853521638
10
887.37990542011232
20
119.50641803344669
10
887.99577183046597
20
120.29426863133872
0
LWPOLYLINE
5
260
100
AcDbEntity
8
0
100
AcDbPolyline
90
4
70
1
43
0.0
10
853.63224583200531
20
115.37175089747913
10
854.24811224235896
20
116.15960149537118
10
855.82381347741841
20
114.92786886858207
10
855.20794713677685
20
114.14001821619622
0
LWPOLYLINE
5
261
100
AcDbEntity
8
0
100
AcDbPolyline
90
4
70
1
43
0.0
10
923.31913265363244
20
123.19720314051719
10
922.70326631299088
20
122.40935248813132
10
921.12756500821911
20
123.64108516941423
10
921.74343141857275
20
124.42893576730627
0
LWPOLYLINE
5
262
100
AcDbEntity
8
0
100
AcDbPolyline
90
4
70
1
43
0.0
10
769.26309686173784
20
105.03508305756026
10
769.87896327209137
20
105.82293365545229
10
771.45466450715094
20
104.59120102866319
10
770.83879816650949
20
103.80335037627734
0
LWPOLYLINE
5
263
100
AcDbEntity
8
0
100
AcDbPolyline
90
4
70
1
43
0.0
10
821.46028754867007
20
110.00535108022868
10
819.88458624389841
20
111.23708376151158
10
820.50045265425183
20
112.02493435940362
10
822.0761538893114
20
110.79320173261452
0
LWPOLYLINE
5
264
100
AcDbEntity
8
0
100
AcDbPolyline
90
4
70
1
43
0.0
10
870.50607562605876
20
117.43908446546291
10
871.12194203641241
20
118.22693506335496
10
872.69764327147197
20
116.99520243656586
10
872.08177693083042
20
116.20735178418001
0
LWPOLYLINE
5
265
100
AcDbEntity
8
0
100
AcDbPolyline
90
4
70
1
43
0.0
10
838.94998368336485
20
112.8605353005983
10
838.3341173427234
20
112.07268464821243
10
836.75841603795175
20
113.30441732949537
10
837.37428244830539
20
114.09226792738738
0
LWPOLYLINE
5
266
100
AcDbEntity
8
0
100
AcDbPolyline
90
4
70
1
43
0.0
10
650.77231513788979
20
102.5748436195216
10
649.17191412036777
20
103.77430874328057
10
649.77164675305187
20
104.57450919897533
10
651.37204769976904
20
103.37504412828261
0
LWPOLYLINE
5
267
100
AcDbEntity
8
0
100
AcDbPolyline
90
4
70
1
43
0.0
10
684.42900541875406
20
107.39430410156433
10
682.82860440123204
20
108.59376922532331
10
683.42833703391636
20
109.39396968101809
10
685.02873798063342
20
108.19450461032534
0
LWPOLYLINE
5
268
100
AcDbEntity
8
0
100
AcDbPolyline
90
4
70
1
43
0.0
10
632.94330161261985
20
102.164778957954
10
634.54370255933691
20
100.96531388726126
10
633.94396999745732
20
100.16511337850021
10
632.3435689799353
20
101.36457850225918
0
LWPOLYLINE
5
269
100
AcDbEntity
8
0
100
AcDbPolyline
90
4
70
1
43
0.0
10
616.11495647218771
20
99.75504871693262
10
617.71535741890477
20
98.555583646239882
10
617.11562485702518
20
97.755383137478859
10
615.51522383950339
20
98.954848261237842
0
LWPOLYLINE
5
270
100
AcDbEntity
8
0
100
AcDbPolyline
90
4
70
1
43
0.0
10
750.14198496296058
20
118.23269018940877
10
750.7417175956449
20
119.03289064510355
10
752.34211854236207
20
117.83342557441081
10
751.7423859804826
20
117.0332250656498
0
LWPOLYLINE
5
271
100
AcDbEntity
8
0
100
AcDbPolyline
90
4
70
1
43
0.0
10
733.31363982252856
20
115.82295994838742
10
733.91337245521288
20
116.62316040408217
10
735.51377340192983
20
115.42369533338943
10
734.91404084005057
20
114.62349482462844
0
LWPOLYLINE
5
272
100
AcDbEntity
8
0
100
AcDbPolyline
90
4
70
1
43
0.0
10
935.85351414039894
20
145.5399232963386
10
937.453915087116
20
144.34045822564588
10
936.85418252523664
20
143.54025771688484
10
935.25378150771462
20
144.73972284064382
0
LWPOLYLINE
5
273
100
AcDbEntity
8
0
100
AcDbPolyline
90
4
70
1
43
0.0
10
668.20039284020129
20
105.78477436930397
10
667.60066027832181
20
104.98457386054297
10
666.00025926079979
20
106.18403898430194
10
666.59999189348412
20
106.98423943999671
0
LWPOLYLINE
5
274
100
AcDbEntity
8
0
100
AcDbPolyline
90
4
70
1
43
0.0
10
599.28661133175547
20
97.345318475911256
10
600.88701227847253
20
96.145853405218503
10
600.28727971659305
20
95.345652896457494
10
598.68687869907114
20
96.545118020216464
0
LWPOLYLINE
5
275
100
AcDbEntity
8
0
100
AcDbPolyline
90
4
70
1
43
0.0
10
717.08502731478075
20
114.21343016306083
10
718.6854282614978
20
113.0139650923681
10
718.08569569961821
20
112.21376458360706
10
716.48529468209631
20
113.41322970736601
0
LWPOLYLINE
5
276
100
AcDbEntity
8
0
100
AcDbPolyline
90
4
70
1
43
0.0
10
952.08212664814687
20
147.14945308166517
10
952.68185928083108
20
147.94965353735995
10
954.28226022754814
20
146.75018846666723
10
953.68252766566889
20
145.94998795790622
0
LWPOLYLINE
5
277
100
AcDbEntity
8
0
100
AcDbPolyline
90
4
70
1
43
0.0
10
783.79867524382507
20
123.0521506714515
10
784.3984078765094
20
123.85235112714631
10
785.99880882322645
20
122.65288605645355
10
785.39907626134709
20
121.85268554769253
0
LWPOLYLINE
5
278
100
AcDbEntity
8
0
100
AcDbPolyline
90
4
70
1
43
0.0
10
701.25735055918631
20
109.80403434258569
10
699.65694954166429
20
111.00349946634466
10
700.2566821743485
20
111.80369992203947
10
701.85708312106556
20
110.60423485134672
0
LWPOLYLINE
5
279
100
AcDbEntity
8
0
100
AcDbPolyline
90
4
70
1
43
0.0
10
802.22742140177934
20
124.26241578871391
10
800.62702038425732
20
125.46188091247288
10
801.22675301694153
20
126.26208136816766
10
802.8271539636587
20
125.06261629747493
0
LWPOLYLINE
5
280
100
AcDbEntity
8
0
100
AcDbPolyline
90
4
70
1
43
0.0
10
901.59709122685035
20
139.92026235860109
10
902.19682385953456
20
140.72046281429587
10
903.79722480625173
20
139.52099774360312
10
903.19749224437237
20
138.72079723484211
0
LWPOLYLINE
5
281
100
AcDbEntity
8
0
100
AcDbPolyline
90
4
70
1
43
0.0
10
886.96887966581949
20
137.11126750258177
10
886.36914710394012
20
136.31106699382076
10
884.7687460864181
20
137.51053211757971
10
885.36847871910243
20
138.31073257327449
0
LWPOLYLINE
5
282
100
AcDbEntity
8
0
100
AcDbPolyline
90
4
70
1
43
0.0
10
851.11205580555384
20
132.69107163553696
10
851.71178843823805
20
133.49127209123176
10
853.3121893849551
20
132.29180702053901
10
852.71245682307563
20
131.491606511778
0
LWPOLYLINE
5
283
100
AcDbEntity
8
0
100
AcDbPolyline
90
4
70
1
43
0.0
10
920.62556994668387
20
141.9307279846245
10
920.02583738480439
20
141.13052747586346
10
918.42543636728237
20
142.32999259962244
10
919.0251689999667
20
143.13019305531722
0
LWPOLYLINE
5
284
100
AcDbEntity
8
0
100
AcDbPolyline
90
4
70
1
43
0.0
10
766.97033010339283
20
120.64242043043015
10
767.57006273607715
20
121.44262088612493
10
769.17046368279432
20
120.24315581543219
10
768.57073112091484
20
119.44295530667117
0
LWPOLYLINE
5
285
100
AcDbEntity
8
0
100
AcDbPolyline
90
4
70
1
43
0.0
10
819.05576654221147
20
126.67214602973529
10
817.45536552468946
20
127.87161115349426
10
818.05509815737366
20
128.67181160918901
10
819.65549910409072
20
127.47234653849628
0
LWPOLYLINE
5
286
100
AcDbEntity
8
0
100
AcDbPolyline
90
4
70
1
43
0.0
10
867.94040094598586
20
135.10080187655834
10
868.54013357867029
20
135.90100233225311
10
870.14053452538735
20
134.70153726156039
10
869.54080196350787
20
133.90133675279938
0
LWPOLYLINE
5
287
100
AcDbEntity
8
0
100
AcDbPolyline
90
4
70
1
43
0.0
10
836.48384424452286
20
129.88207677951766
10
835.88411168264361
20
129.08187627075662
10
834.28371066512159
20
130.28134139451561
10
834.88344329780591
20
131.08154185021039
0
LWPOLYLINE
5
288
100
AcDbEntity
8
0
100
AcDbPolyline
90
4
70
1
43
0.0
10
648.55399029197383
20
115.77532712048944
10
646.92955023568015
20
116.94202952620735
10
647.51290151040746
20
117.75424950273747
10
649.13734149483275
20
116.58754714863632
0
LWPOLYLINE
5
289
100
AcDbEntity
8
0
100
AcDbPolyline
90
4
70
1
43
0.0
10
682.10581718578067
20
121.27759138968034
10
680.48137712948699
20
122.44429379539824
10
681.06472840421452
20
123.2565137719284
10
682.6891683886397
20
122.08981141782724
0
LWPOLYLINE
5
290
100
AcDbEntity
8
0
100
AcDbPolyline
90
4
70
1
43
0.0
10
630.7369880635041
20
115.00311736814203
10
632.36142804792939
20
113.83641501404088
10
631.77807684507025
20
113.02419498589396
10
630.15363678877657
20
114.19089739161187
0
LWPOLYLINE
5
291
100
AcDbEntity
8
0
100
AcDbPolyline
90
4
70
1
43
0.0
10
613.96107461660063
20
112.25198523354656
10
615.58551460102592
20
111.08528287944543
10
615.00216339816689
20
110.27306285129853
10
613.37772334187332
20
111.43976525701643
0
LWPOLYLINE
5
292
100
AcDbEntity
8
0
100
AcDbPolyline
90
4
70
1
43
0.0
10
747.58503091710077
20
133.44882233378007
10
748.1683821918283
20
134.26104231031022
10
749.79282217625359
20
133.09433995620907
10
749.20947097339445
20
132.28211992806217
0
LWPOLYLINE
5
293
100
AcDbEntity
8
0
100
AcDbPolyline
90
4
70
1
43
0.0
10
730.80911747019741
20
130.69769019918462
10
731.39246874492471
20
131.50991017571477
10
733.01690872935001
20
130.34320782161362
10
732.4335575264912
20
129.53098779346672
0
LWPOLYLINE
5
294
100
AcDbEntity
8
0
100
AcDbPolyline
90
4
70
1
43
0.0
10
932.70343010776628
20
164.52349579086021
10
934.32787009219157
20
163.35679343675909
10
933.74451888933265
20
162.54457340861219
10
932.12007883303886
20
163.71127581433012
0
LWPOLYLINE
5
295
100
AcDbEntity
8
0
100
AcDbPolyline
90
4
70
1
43
0.0
10
665.91325494173611
20
119.33867928323178
10
665.32990373887731
20
118.52645925508489
10
663.70546368258351
20
119.69316166080277
10
664.28881495731093
20
120.50538163733293
0
LWPOLYLINE
5
296
100
AcDbEntity
8
0
100
AcDbPolyline
90
4
70
1
43
0.0
10
597.18516116969704
20
109.50085309895113
10
598.80960115412245
20
108.33415074484996
10
598.22624995126341
20
107.52193071670307
10
596.60180989496985
20
108.68863312242097
0
LWPOLYLINE
5
297
100
AcDbEntity
8
0
100
AcDbPolyline
90
4
70
1
43
0.0
10
714.61655529802147
20
128.75877804111931
10
716.24099528244665
20
127.59207568701817
10
715.6576440795875
20
126.77985565887126
10
714.03320402329382
20
127.94655806458914
0
LWPOLYLINE
5
298
100
AcDbEntity
8
0
100
AcDbPolyline
90
4
70
1
43
0.0
10
948.89599227994245
20
166.46240794892555
10
949.47934355466987
20
167.27462792545569
10
951.10378353909505
20
166.10792557135454
10
950.52043233623613
20
165.29570554320767
0
LWPOLYLINE
5
299
100
AcDbEntity
8
0
100
AcDbPolyline
90
4
70
1
43
0.0
10
781.13685781090783
20
138.951086602971
10
781.72020908563525
20
139.76330657950112
10
783.34464907006054
20
138.5966042254
10
782.76129786720151
20
137.78438419725308
0
LWPOLYLINE
5
300
100
AcDbEntity
8
0
100
AcDbPolyline
90
4
70
1
43
0.0
10
698.88173063268425
20
124.0287235242758
10
697.25729057639046
20
125.1954259299937
10
697.84064185111788
20
126.00764590652386
10
699.46508183554317
20
124.8409435524227
0
LWPOLYLINE
5
301
100
AcDbEntity
8
0
100
AcDbPolyline
90
4
70
1
43
0.0
10
799.53721131410498
20
140.53551633184856
10
797.91277125781119
20
141.70221873756645
10
798.49612253253872
20
142.5144387140966
10
800.1205625169639
20
141.34773635999545
0
LWPOLYLINE
5
302
100
AcDbEntity
8
0
100
AcDbPolyline
90
4
70
1
43
0.0
10
898.56825193923203
20
158.20901154513919
10
899.15160321395945
20
159.02123152166934
10
900.77604319838474
20
157.85452916756819
10
900.19269199552582
20
157.04230913942129
0
LWPOLYLINE
5
303
100
AcDbEntity
8
0
100
AcDbPolyline
90
4
70
1
43
0.0
10
884.00012975148127
20
155.10339703297274
10
883.41677854862223
20
154.29117700482584
10
881.79233849232855
20
155.45787941054374
10
882.37568976705597
20
156.27009938707388
0
LWPOLYLINE
5
304
100
AcDbEntity
8
0
100
AcDbPolyline
90
4
70
1
43
0.0
10
848.24051159852161
20
149.95561514135281
10
848.82386287324903
20
150.76783511788295
10
850.44830285767432
20
149.60113276378181
10
849.86495165481529
20
148.78891273563491
0
LWPOLYLINE
5
305
100
AcDbEntity
8
0
100
AcDbPolyline
90
4
70
1
43
0.0
10
917.5519566452881
20
160.60566130216361
10
916.96860544242907
20
159.79344127401671
10
915.34416538613539
20
160.96014367973464
10
915.92751666086292
20
161.77236365626476
0
LWPOLYLINE
5
306
100
AcDbEntity
8
0
100
AcDbPolyline
90
4
70
1
43
0.0
10
764.36094436400424
20
136.19995446837552
10
764.94429563873166
20
137.01217444490567
10
766.56873562315695
20
135.84547209080452
10
765.98538442029803
20
135.03325206265762
0
LWPOLYLINE
5
307
100
AcDbEntity
8
0
100
AcDbPolyline
90
4
70
1
43
0.0
10
816.31312476100845
20
143.28664846644401
10
814.68868470471477
20
144.45335087216191
10
815.27203597944208
20
145.26557084869205
10
816.89647596386737
20
144.09886849459087
0
LWPOLYLINE
5
308
100
AcDbEntity
8
0
100
AcDbPolyline
90
4
70
1
43
0.0
10
865.01642504542497
20
152.70674727594826
10
865.5997763201525
20
153.51896725247843
10
867.22421630457779
20
152.35226489837726
10
866.64086510171887
20
151.54004487023036
0
LWPOLYLINE
5
309
100
AcDbEntity
8
0
100
AcDbPolyline
90
4
70
1
43
0.0
10
833.67238941077073
20
146.85000062918635
10
833.08903820791193
20
146.03778060103946
10
831.46459815161802
20
147.20448300675736
10
832.04794942634544
20
148.0167029832875
0
LWPOLYLINE
5
310
100
AcDbEntity
8
0
100
AcDbPolyline
90
4
70
1
43
0.0
10
646.06793083430284
20
128.92801650913754
10
644.42012233695846
20
130.06147456132942
10
644.9868514359564
20
130.88537875985571
10
646.63465986039864
20
129.75192075780978
0
LWPOLYLINE
5
311
100
AcDbEntity
8
0
100
AcDbPolyline
90
4
70
1
43
0.0
10
679.5010435507071
20
135.1108131330131
10
677.8532350533626
20
136.24427118520498
10
678.41996415236076
20
137.06817538373133
10
680.06777257680301
20
135.9347173816854
0
LWPOLYLINE
5
312
100
AcDbEntity
8
0
100
AcDbPolyline
90
4
70
1
43
0.0
10
628.27029507775455
20
127.79398044791796
10
629.91810350219669
20
126.66052244587203
10
629.35137447610066
20
125.83661819719971
10
627.70356597875616
20
126.9700762493916
0
LWPOLYLINE
5
313
100
AcDbEntity
8
0
100
AcDbPolyline
90
4
70
1
43
0.0
10
611.55373871955237
20
124.70258213598017
10
613.20154714399462
20
123.56912413393424
10
612.6348181178987
20
122.74521988526195
10
610.98700962055409
20
123.87867793745383
0
LWPOLYLINE
5
314
100
AcDbEntity
8
0
100
AcDbPolyline
90
4
70
1
43
0.0
10
744.7194604861711
20
148.60986443295613
10
745.28618958516927
20
149.43376863148248
10
746.93399800961163
20
148.30031062943655
10
746.36726898351549
20
147.47640638076427
0
LWPOLYLINE
5
315
100
AcDbEntity
8
0
100
AcDbPolyline
90
4
70
1
43
0.0
10
728.00290412796915
20
145.51846612101838
10
728.5696332269672
20
146.3423703195447
10
730.21744165140944
20
145.20891231749877
10
729.65071262531353
20
144.38500806882649
0
LWPOLYLINE
5
316
100
AcDbEntity
8
0
100
AcDbPolyline
90
4
70
1
43
0.0
10
929.16830952539271
20
183.43915006279821
10
930.81611794983496
20
182.30569206075228
10
930.24938892373916
20
181.48178781207997
10
928.60158042639466
20
182.61524586427186
0
LWPOLYLINE
5
317
100
AcDbEntity
8
0
100
AcDbPolyline
90
4
70
1
43
0.0
10
663.35121621860083
20
132.84331906974759
10
662.78448719250491
20
132.01941482107532
10
661.13667869516053
20
133.1528728732672
10
661.70340779415869
20
133.97677707179352
0
LWPOLYLINE
5
318
100
AcDbEntity
8
0
100
AcDbPolyline
90
4
70
1
43
0.0
10
594.83718236135019
20
121.61118382404237
10
596.48499078579243
20
120.47772582199643
10
595.91826175969641
20
119.65382157332415
10
594.27045326235191
20
120.78727962551602
0
LWPOLYLINE
5
319
100
AcDbEntity
8
0
100
AcDbPolyline
90
4
70
1
43
0.0
10
711.85307686876513
20
143.25097200760692
10
713.50088529320726
20
142.11751400556099
10
712.93415626711123
20
141.29360975688869
10
711.28634776976685
20
142.42706780908054
0
LWPOLYLINE
5
320
100
AcDbEntity
8
0
100
AcDbPolyline
90
4
70
1
43
0.0
10
945.31813678459685
20
185.70664417620964
10
945.8848658835949
20
186.53054837473601
10
947.53267430803714
20
185.39709037269006
10
946.96594528194123
20
184.57318612401778
0
LWPOLYLINE
5
321
100
AcDbEntity
8
0
100
AcDbPolyline
90
4
70
1
43
0.0
10
778.15257320257547
20
154.79266105683172
10
778.71930230157363
20
155.61656525535807
10
780.36711072601588
20
154.48310725331214
10
779.80038169991985
20
153.65920300463986
0
LWPOLYLINE
5
322
100
AcDbEntity
8
0
100
AcDbPolyline
90
4
70
1
43
0.0
10
696.21759990890928
20
138.2022114449509
10
694.56979141156478
20
139.33566949714279
10
695.13652051056295
20
140.15957369566911
10
696.78432893500508
20
139.02611569362318
0
LWPOLYLINE
5
323
100
AcDbEntity
8
0
100
AcDbPolyline
90
4
70
1
43
0.0
10
796.51693805812204
20
156.75060131657767
10
794.86912956077754
20
157.88405936876953
10
795.4358586597757
20
158.70796356729588
10
797.08366708421806
20
157.57450556524995
0
LWPOLYLINE
5
324
100
AcDbEntity
8
0
100
AcDbPolyline
90
4
70
1
43
0.0
10
895.16846770999052
20
176.43244924039629
10
895.73519680898858
20
177.25635343892264
10
897.38300523343082
20
176.12289543687669
10
896.81627620733491
20
175.29899118820441
0
LWPOLYLINE
5
325
100
AcDbEntity
8
0
100
AcDbPolyline
90
4
70
1
43
0.0
10
880.66644887522875
20
173.03149712493891
10
880.09971984913273
20
172.2075928762666
10
878.45191135178834
20
173.34105092845849
10
879.01864045078639
20
174.16495512698486
0
LWPOLYLINE
5
326
100
AcDbEntity
8
0
100
AcDbPolyline
90
4
70
1
43
0.0
10
845.01879863538409
20
167.15825430458293
10
845.58552773438214
20
167.98215850310925
10
847.23333615882439
20
166.84870050106332
10
846.66660713272847
20
166.02479625239101
0
LWPOLYLINE
5
327
100
AcDbEntity
8
0
100
AcDbPolyline
90
4
70
1
43
0.0
10
914.09956159163289
20
179.2142937488145
10
913.53283256553698
20
178.39038950014216
10
911.88502406819248
20
179.52384755233408
10
912.45175316719053
20
180.3477517508604
0
LWPOLYLINE
5
328
100
AcDbEntity
8
0
100
AcDbPolyline
90
4
70
1
43
0.0
10
761.43601684437328
20
151.70126274489394
10
762.00274594337145
20
152.52516694342029
10
763.65055436781381
20
151.39170894137436
10
763.08382534171767
20
150.56780469270205
0
LWPOLYLINE
5
329
100
AcDbEntity
8
0
100
AcDbPolyline
90
4
70
1
43
0.0
10
813.23349441632422
20
159.84199962851545
10
811.58568591897983
20
160.97545768070734
10
812.15241501797777
20
161.79936187923369
10
813.80022344242002
20
160.66590387718773
0
LWPOLYLINE
5
330
100
AcDbEntity
8
0
100
AcDbPolyline
90
4
70
1
43
0.0
10
861.73535499358627
20
170.24965261652071
10
862.30208409258421
20
171.07355681504708
10
863.94989251702657
20
169.94009881300113
10
863.38316349093066
20
169.11619456432879
0
LWPOLYLINE
5
331
100
AcDbEntity
8
0
100
AcDbPolyline
90
4
70
1
43
0.0
10
830.5167798006222
20
163.75730218912554
10
829.95005077452618
20
162.93339794045323
10
828.3022422771819
20
164.06685599264512
10
828.86897137617996
20
164.89076019117147
0
LWPOLYLINE
5
332
100
AcDbEntity
8
0
100
AcDbPolyline
90
4
70
1
43
0.0
10
643.3151630543972
20
142.02748212156786
10
641.64466636063048
20
143.12722790860863
10
642.19453932805686
20
143.96247620683755
10
643.86503594791748
20
142.86273046845122
0
LWPOLYLINE
5
333
100
AcDbEntity
8
0
100
AcDbPolyline
90
4
70
1
43
0.0
10
676.61575981037549
20
148.88825873181577
10
674.94526311660877
20
149.98800451885654
10
675.49513608403527
20
150.82325281708546
10
677.16563270389588
20
149.72350707869913
0
LWPOLYLINE
5
334
100
AcDbEntity
8
0
100
AcDbPolyline
90
4
70
1
43
0.0
10
625.54424095006777
20
140.5320879017136
10
627.2147375699285
20
139.43234216332726
10
626.66486467640789
20
138.59709381644387
10
624.99436798264128
20
139.69683960348465
0
LWPOLYLINE
5
335
100
AcDbEntity
8
0
100
AcDbPolyline
90
4
70
1
43
0.0
10
608.89394257207857
20
137.10169959658964
10
610.5644391919393
20
136.00195385820331
10
610.01456629841891
20
135.16670551131992
10
608.34406960465219
20
136.26645129836072
0
LWPOLYLINE
5
336
100
AcDbEntity
8
0
100
AcDbPolyline
90
4
70
1
43
0.0
10
741.54645662856535
20
163.70955773935239
10
742.09632959599185
20
164.54480603758131
10
743.76682621585246
20
163.44506029919501
10
743.21695332233207
20
162.60981195231159
0
LWPOLYLINE
5
337
100
AcDbEntity
8
0
100
AcDbPolyline
90
4
70
1
43
0.0
10
724.89615825057638
20
160.27916943422844
10
725.44603121800276
20
161.11441773245735
10
727.11652783786337
20
160.01467199407102
10
726.5666549443431
20
159.17942364718766
0
LWPOLYLINE
5
338
100
AcDbEntity
8
0
100
AcDbPolyline
90
4
70
1
43
0.0
10
925.24961175387284
20
202.27907739394496
10
926.92010837373346
20
201.1793316555586
10
926.37023548021307
20
200.34408330867521
10
924.69973878644623
20
201.44382909571601
0
LWPOLYLINE
5
339
100
AcDbEntity
8
0
100
AcDbPolyline
90
4
70
1
43
0.0
10
660.51533432590668
20
146.29311877357517
10
659.96546143238629
20
145.45787042669178
10
658.29496473861946
20
146.55761621373259
10
658.84483770604618
20
147.39286451196151
0
LWPOLYLINE
5
340
100
AcDbEntity
8
0
100
AcDbPolyline
90
4
70
1
43
0.0
10
592.24364419408948
20
133.67131129146566
10
593.9141408139501
20
132.57156555307932
10
593.36426792042971
20
131.73631720619593
10
591.69377122666299
20
132.83606299323674
0
LWPOLYLINE
5
341
100
AcDbEntity
8
0
100
AcDbPolyline
90
4
70
1
43
0.0
10
708.79573284001367
20
157.68402942733343
10
710.46622945987428
20
156.5842836889471
10
709.91635656635367
20
155.74903534206368
10
708.24585987258706
20
156.84878112910445
0
LWPOLYLINE
5
342
100
AcDbEntity
8
0
100
AcDbPolyline
90
4
70
1
43
0.0
10
941.35003716443543
20
204.87421740083994
10
941.89991013186204
20
205.70946569906886
10
943.57040675172254
20
204.60971996068258
10
943.02053385820216
20
203.77447161379919
0
LWPOLYLINE
5
343
100
AcDbEntity
8
0
100
AcDbPolyline
90
4
70
1
43
0.0
10
774.84705338454376
20
170.57033434960033
10
775.39692635197025
20
171.40558264782925
10
777.06742297183087
20
170.30583690944292
10
776.51755007831059
20
169.47058856255953
0
LWPOLYLINE
5
344
100
AcDbEntity
8
0
100
AcDbPolyline
90
4
70
1
43
0.0
10
693.2660581883647
20
152.31864703693972
10
691.59556149459809
20
153.41839282398053
10
692.14543446202458
20
154.25364112220944
10
693.81593108188508
20
153.15389538382311
0
LWPOLYLINE
5
345
100
AcDbEntity
8
0
100
AcDbPolyline
90
4
70
1
43
0.0
10
793.16784845629968
20
172.90097686768351
10
791.49735176253307
20
174.00072265472431
10
792.04722472995957
20
174.83597095295323
10
793.71772134982007
20
173.7362252145669
0
LWPOLYLINE
5
346
100
AcDbEntity
8
0
100
AcDbPolyline
90
4
70
1
43
0.0
10
891.39914203046806
20
194.58305248546807
10
891.94901499789455
20
195.41830078369699
10
893.61951161775505
20
194.31855504531072
10
893.06963872423466
20
193.48330669842733
0
LWPOLYLINE
5
347
100
AcDbEntity
8
0
100
AcDbPolyline
90
4
70
1
43
0.0
10
876.96921323976596
20
190.88816674018673
10
876.41934034624558
20
190.05291839330334
10
874.74884365247885
20
191.15266418034412
10
875.29871661990546
20
191.98791247857309
0
LWPOLYLINE
5
348
100
AcDbEntity
8
0
100
AcDbPolyline
90
4
70
1
43
0.0
10
841.44824689650045
20
184.29188757009621
10
841.99811986392706
20
185.12713586832513
10
843.66861648378756
20
184.02739012993877
10
843.11874359026717
20
183.1921417830554
0
LWPOLYLINE
5
349
100
AcDbEntity
8
0
100
AcDbPolyline
90
4
70
1
43
0.0
10
910.26980999574425
20
197.74894335043462
10
909.71993710222375
20
196.91369500355123
10
908.04944040845714
20
198.01344079059203
10
908.59931337588364
20
198.84868908882098
0
LWPOLYLINE
5
350
100
AcDbEntity
8
0
100
AcDbPolyline
90
4
70
1
43
0.0
10
758.19675500655467
20
167.13994604447637
10
758.74662797398116
20
167.97519434270529
10
760.41712459384166
20
166.87544860431896
10
759.86725170032128
20
166.04020025743557
0
LWPOLYLINE
5
351
100
AcDbEntity
8
0
100
AcDbPolyline
90
4
70
1
43
0.0
10
809.81814683428888
20
176.33136517280747
10
808.14765014052227
20
177.43111095984827
10
808.69752310794865
20
178.26635925807716
10
810.36801972780927
20
177.16661351969088
0
LWPOLYLINE
5
352
100
AcDbEntity
8
0
100
AcDbPolyline
90
4
70
1
43
0.0
10
858.09854527448965
20
187.72227587522013
10
858.64841824191615
20
188.55752417344911
10
860.31891486177665
20
187.45777843506275
10
859.76904196825626
20
186.62253008817936
0
LWPOLYLINE
5
353
100
AcDbEntity
8
0
100
AcDbPolyline
90
4
70
1
43
0.0
10
827.01831810579836
20
180.59700182481478
10
826.46844521227786
20
179.76175347793142
10
824.79794851851125
20
180.86149926497222
10
825.34782148593774
20
181.69674756320114
0
LWPOLYLINE
5
354
100
AcDbEntity
8
0
100
AcDbPolyline
90
4
70
1
43
0.0
10
640.29682334371216
20
155.06831626560299
10
638.60432806424251
20
156.13389579288972
10
639.13711790276511
20
156.98014338548165
10
640.82961310735539
20
155.91456390533776
0
LWPOLYLINE
5
355
100
AcDbEntity
8
0
100
AcDbPolyline
90
4
70
1
43
0.0
10
673.4511570611844
20
162.60424061172506
10
671.75866178171486
20
163.66982013901182
10
672.29145162023758
20
164.51606773160375
10
673.98394682482774
20
163.45048825145992
0
LWPOLYLINE
5
356
100
AcDbEntity
8
0
100
AcDbPolyline
90
4
70
1
43
0.0
10
622.55995104402905
20
153.2121812124206
10
624.25244624861932
20
152.14660173227674
10
623.71965648497576
20
151.30035409254188
10
622.02716120550622
20
152.36593361982864
0
LWPOLYLINE
5
357
100
AcDbEntity
8
0
100
AcDbPolyline
90
4
70
1
43
0.0
10
605.98278418529287
20
149.44421903935955
10
607.67527938988314
20
148.37863955921569
10
607.14248962623969
20
147.53239191948086
10
605.44999434677015
20
148.59797144676759
0
LWPOLYLINE
5
358
100
AcDbEntity
8
0
100
AcDbPolyline
90
4
70
1
43
0.0
10
738.06732921665957
20
178.74166883125608
10
738.60011905518218
20
179.58791642384799
10
740.29261425977234
20
178.52233694370415
10
739.759824496129
20
177.67608930396932
0
LWPOLYLINE
5
359
100
AcDbEntity
8
0
100
AcDbPolyline
90
4
70
1
43
0.0
10
721.49016235792351
20
174.97370665819503
10
722.022952196446
20
175.81995425078691
10
723.71544740103627
20
174.75437477064307
10
723.18265763739305
20
173.90812713090827
0
LWPOLYLINE
5
360
100
AcDbEntity
8
0
100
AcDbPolyline
90
4
70
1
43
0.0
10
920.94895450128001
20
221.03550032751966
10
922.6414497058704
20
219.96992084737582
10
922.10865994222695
20
219.12367320764099
10
920.41616466275741
20
220.18925273492772
0
LWPOLYLINE
5
361
100
AcDbEntity
8
0
100
AcDbPolyline
90
4
70
1
43
0.0
10
657.40677996609168
20
159.68252607839884
10
656.87399020244823
20
158.83627843866401
10
655.18149492297869
20
159.90185796595077
10
655.71428476150129
20
160.7481055585427
0
LWPOLYLINE
5
362
100
AcDbEntity
8
0
100
AcDbPolyline
90
4
70
1
43
0.0
10
589.40561732655669
20
145.67625686629847
10
591.09811253114697
20
144.61067738615461
10
590.56532276750352
20
143.76442974641978
10
588.87282748803398
20
144.83000927370651
0
LWPOLYLINE
5
363
100
AcDbEntity
8
0
100
AcDbPolyline
90
4
70
1
43
0.0
10
705.44578533770982
20
172.05199207772586
10
707.13828054230021
20
170.98641259758207
10
706.60549077865664
20
170.14016495784719
10
704.9129954991871
20
171.20574448513392
0
LWPOLYLINE
5
364
100
AcDbEntity
8
0
100
AcDbPolyline
90
4
70
1
43
0.0
10
936.9933315214937
20
223.95721490798877
10
937.5261213600163
20
224.80346250058068
10
939.21861656460669
20
223.7378830204369
10
938.68582680096324
20
222.89163538070201
0
LWPOLYLINE
5
365
100
AcDbEntity
8
0
100
AcDbPolyline
90
4
70
1
43
0.0
10
771.22166293413193
20
186.27759317737821
10
771.75445277265453
20
187.12384076997012
10
773.44694797724492
20
186.05826128982628
10
772.91415821360147
20
185.21201365009145
0
LWPOLYLINE
5
366
100
AcDbEntity
8
0
100
AcDbPolyline
90
4
70
1
43
0.0
10
690.02832391992058
20
166.37220278478617
10
688.33582864045093
20
167.43778231207287
10
688.86861847897364
20
168.28402990466483
10
690.56111368356392
20
167.218450424521
0
LWPOLYLINE
5
367
100
AcDbEntity
8
0
100
AcDbPolyline
90
4
70
1
43
0.0
10
789.49132507233776
20
188.97997582315253
10
787.7988297928681
20
190.04555535043923
10
788.33161963139082
20
190.89180294303119
10
790.02411483598109
20
189.82622346288736
0
LWPOLYLINE
5
368
100
AcDbEntity
8
0
100
AcDbPolyline
90
4
70
1
43
0.0
10
887.26183094528528
20
212.65332838880562
10
887.79462078380789
20
213.49957598139753
10
889.48711598839805
20
212.43399650125372
10
888.95432622475471
20
211.58774886151886
0
LWPOLYLINE
5
369
100
AcDbEntity
8
0
100
AcDbPolyline
90
4
70
1
43
0.0
10
872.90994912966198
20
208.66603432819264
10
872.37715936601853
20
207.81978668845781
10
870.68466408654899
20
208.88536621574457
10
871.2174539250716
20
209.73161380833648
0
LWPOLYLINE
5
370
100
AcDbEntity
8
0
100
AcDbPolyline
90
4
70
1
43
0.0
10
837.53033036907652
20
201.34944186962241
10
838.06312020759924
20
202.19568946221437
10
839.75561541218951
20
201.13010998207051
10
839.22282564854618
20
200.28386234233568
0
LWPOLYLINE
5
371
100
AcDbEntity
8
0
100
AcDbPolyline
90
4
70
1
43
0.0
10
906.06428284713411
20
216.20195867431474
10
905.53149308349077
20
215.35571103457988
10
903.83899780402112
20
216.42129056186664
10
904.37178764254395
20
217.26753815445858
0
LWPOLYLINE
5
372
100
AcDbEntity
8
0
100
AcDbPolyline
90
4
70
1
43
0.0
10
754.64449607539564
20
182.5096310043171
10
755.17728591391847
20
183.35587859690904
10
756.86978111850863
20
182.29029911676523
10
756.33699135486518
20
181.44405147703037
0
LWPOLYLINE
5
373
100
AcDbEntity
8
0
100
AcDbPolyline
90
4
70
1
43
0.0
10
806.06849193107394
20
192.74793799621358
10
804.37599665160428
20
193.81351752350031
10
804.90878649012689
20
194.65976511609222
10
806.60128169471716
20
193.59418563594841
0
LWPOLYLINE
5
374
100
AcDbEntity
8
0
100
AcDbPolyline
90
4
70
1
43
0.0
10
854.1074972278127
20
205.11740404268349
10
854.64028706633542
20
205.9636516352754
10
856.33278227092569
20
204.89807215513156
10
855.79999250728235
20
204.05182451539673
0
LWPOLYLINE
5
375
100
AcDbEntity
8
0
100
AcDbPolyline
90
4
70
1
43
0.0
10
823.17844855345334
20
197.36214780900946
10
822.64565878980989
20
196.5159001692746
10
820.95316351034046
20
197.58147969656136
10
821.48595334886306
20
198.42772728915327
0
LWPOLYLINE
5
376
100
AcDbEntity
8
0
100
AcDbPolyline
90
4
70
1
43
0.0
10
637.0141577265149
20
168.04513545317749
10
635.30036255346886
20
169.07610883054639
10
635.81584931797477
20
169.93300637145757
10
637.52964441519919
20
168.90203303970054
0
LWPOLYLINE
5
377
100
AcDbEntity
8
0
100
AcDbPolyline
90
4
70
1
43
0.0
10
670.00854170738251
20
176.25309657169313
10
668.29474653433635
20
177.28406994906203
10
668.81023329884238
20
178.14096748997321
10
670.5240283960668
20
177.10999415821621
0
LWPOLYLINE
5
378
100
AcDbEntity
8
0
100
AcDbPolyline
90
4
70
1
43
0.0
10
619.31865732754102
20
165.82902581219975
10
621.03245242476555
20
164.79805248044272
10
620.51696573608092
20
163.94115489391962
10
618.80317056303488
20
164.97212827128848
0
LWPOLYLINE
5
379
100
AcDbEntity
8
0
100
AcDbPolyline
90
4
70
1
43
0.0
10
602.82146533710716
20
161.72504525294192
10
604.53526043433169
20
160.6940719211849
10
604.01977374564717
20
159.83717433466182
10
602.30597857260113
20
160.86814771203066
0
LWPOLYLINE
5
380
100
AcDbEntity
8
0
100
AcDbPolyline
90
4
70
1
43
0.0
10
734.28351449607158
20
193.69999218609334
10
734.79900126057771
20
194.55688972700457
10
736.51279635780213
20
193.52591639524752
10
735.99730966911784
20
192.66901880872445
0
LWPOLYLINE
5
381
100
AcDbEntity
8
0
100
AcDbPolyline
90
4
70
1
43
0.0
10
717.78632250563783
20
189.59601162683552
10
718.30180927014396
20
190.45290916774672
10
720.01560436736838
20
189.4219358359897
10
719.50011767868409
20
188.56503824946662
0
LWPOLYLINE
5
382
100
AcDbEntity
8
0
100
AcDbPolyline
90
4
70
1
43
0.0
10
916.26811315534974
20
239.70067587884071
10
917.98190825257416
20
238.66970254708372
10
917.46642156388987
20
237.81280496056058
10
915.75262639084372
20
238.84377833792951
0
LWPOLYLINE
5
383
100
AcDbEntity
8
0
100
AcDbPolyline
90
4
70
1
43
0.0
10
654.02683640563305
20
173.00601359895839
10
653.51134971694864
20
172.14911601243529
10
651.79755454390261
20
173.18008938980415
10
652.31304130840863
20
174.03698693071539
0
LWPOLYLINE
5
384
100
AcDbEntity
8
0
100
AcDbPolyline
90
4
70
1
43
0.0
10
586.32427334667329
20
157.6210646936841
10
588.03806844389783
20
156.59009136192705
10
587.52258175521331
20
155.73319377540398
10
585.80878658216739
20
156.76416715277284
0
LWPOLYLINE
5
385
100
AcDbEntity
8
0
100
AcDbPolyline
90
4
70
1
43
0.0
10
701.80461727971021
20
186.3489286084889
10
703.51841237693463
20
185.31795527673188
10
703.00292568825
20
184.46105769020878
10
701.28913051520396
20
185.49203106757767
0
LWPOLYLINE
5
386
100
AcDbEntity
8
0
100
AcDbPolyline
90
4
70
1
43
0.0
10
932.24981838127746
20
242.94775889718733
10
932.76530514578371
20
243.80465643809856
10
934.47910024300813
20
242.77368310634157
10
933.96361355432362
20
241.91678551981846
0
LWPOLYLINE
5
387
100
AcDbEntity
8
0
100
AcDbPolyline
90
4
70
1
43
0.0
10
767.2778984769393
20
201.90795330460901
10
767.79338524144555
20
202.76485084552024
10
769.50718033866997
20
201.73387751376322
10
768.99169364998545
20
200.87697992724014
0
LWPOLYLINE
5
388
100
AcDbEntity
8
0
100
AcDbPolyline
90
4
70
1
43
0.0
10
686.50573369781637
20
180.35707713095096
10
684.79193852477022
20
181.38805050831985
10
685.30742528927635
20
182.24494804923108
10
687.02122038650077
20
181.21397471747406
0
LWPOLYLINE
5
389
100
AcDbEntity
8
0
100
AcDbPolyline
90
4
70
1
43
0.0
10
785.48888564041931
20
204.98096048649796
10
783.77509046737316
20
206.01193386386683
10
784.2905772318793
20
206.86883140477806
10
786.00437232910372
20
205.83785807302107
0
LWPOLYLINE
5
390
100
AcDbEntity
8
0
100
AcDbPolyline
90
4
70
1
43
0.0
10
882.75824240997611
20
230.63581721941387
10
883.27372917448224
20
231.49271476032507
10
884.98752427170655
20
230.46174142856808
10
884.47203758302226
20
229.60484384204494
0
LWPOLYLINE
5
391
100
AcDbEntity
8
0
100
AcDbPolyline
90
4
70
1
43
0.0
10
868.4903322812728
20
226.3577608693102
10
867.97484559258828
20
225.50086328278712
10
866.26105041954236
20
226.53183666015599
10
866.77653718404838
20
227.38873420106725
0
LWPOLYLINE
5
392
100
AcDbEntity
8
0
100
AcDbPolyline
90
4
70
1
43
0.0
10
833.26666643867452
20
218.32387554164032
10
833.78215320318066
20
219.18077308255158
10
835.49594830040508
20
218.14979975079453
10
834.98046161172067
20
217.29290216427145
0
LWPOLYLINE
5
393
100
AcDbEntity
8
0
100
AcDbPolyline
90
4
70
1
43
0.0
10
901.4847162621403
20
234.5657219878259
10
900.969229573456
20
233.70882440130276
10
899.25543440040985
20
234.73979777867163
10
899.77092116491588
20
235.59669531958289
0
LWPOLYLINE
5
394
100
AcDbEntity
8
0
100
AcDbPolyline
90
4
70
1
43
0.0
10
750.78070648650555
20
197.80397274535116
10
751.29619325101157
20
198.66087028626239
10
753.00998834823599
20
197.6298969545054
10
752.4945016595517
20
196.77299936798227
0
LWPOLYLINE
5
395
100
AcDbEntity
8
0
100
AcDbPolyline
90
4
70
1
43
0.0
10
801.98607763085317
20
209.08494104575581
10
800.27228245780702
20
210.11591442312468
10
800.78776922231305
20
210.97281196403588
10
802.50156431953747
20
209.94183863227886
0
LWPOLYLINE
5
396
100
AcDbEntity
8
0
100
AcDbPolyline
90
4
70
1
43
0.0
10
849.7638584291085
20
222.42785610089817
10
850.27934519361452
20
223.2847536418094
10
851.99314029083894
20
222.25378031005238
10
851.47765360215453
20
221.39688272352927
0
LWPOLYLINE
5
397
100
AcDbEntity
8
0
100
AcDbPolyline
90
4
70
1
43
0.0
10
818.99875630997133
20
214.04581919153671
10
818.48326962128681
20
213.1889216050136
10
816.76947444824077
20
214.2198949823825
10
817.28496121274691
20
215.0767925232937
0
LWPOLYLINE
5
398
100
AcDbEntity
8
0
100
AcDbPolyline
90
4
70
1
43
0.0
10
633.46852134550409
20
180.95258262273759
10
631.73413376398253
20
181.94852424605835
10
632.23210465237548
20
182.81571799275724
10
633.96649215716445
20
181.8197764134984
0
LWPOLYLINE
5
399
100
AcDbEntity
8
0
100
AcDbPolyline
90
4
70
1
43
0.0
10
666.28933492176179
20
189.82919212144458
10
664.55494734024012
20
190.82513374476542
10
665.05291822863319
20
191.69232749146431
10
666.78730573342227
20
190.6963859122055
0
LWPOLYLINE
5
400
100
AcDbEntity
8
0
100
AcDbPolyline
90
4
70
1
43
0.0
10
615.82169786424663
20
178.37741324340371
10
617.5560853690356
20
177.3814716641449
10
617.05811455737512
20
176.514277873384
10
615.32372697585356
20
177.51021949670476
0
LWPOLYLINE
5
401
100
AcDbEntity
8
0
100
AcDbPolyline
90
4
70
1
43
0.0
10
599.41129107611778
20
173.93910849405017
10
601.14567858090686
20
172.94316691479136
10
600.64770776924638
20
172.07597312403044
10
598.91332018772471
20
173.07191474735129
0
LWPOLYLINE
5
402
100
AcDbEntity
8
0
100
AcDbPolyline
90
4
70
1
43
0.0
10
730.19657449275553
20
208.57835274217956
10
730.6945453811486
20
209.44554648887848
10
732.42893288593768
20
208.44960490961964
10
731.9309620742772
20
207.5824111188588
0
LWPOLYLINE
5
403
100
AcDbEntity
8
0
100
AcDbPolyline
90
4
70
1
43
0.0
10
713.78616770462668
20
204.14004799282606
10
714.28413859301963
20
205.00724173952491
10
716.01852609780872
20
204.0113001602661
10
715.52055528614846
20
203.14410636950527
0
LWPOLYLINE
5
404
100
AcDbEntity
8
0
100
AcDbPolyline
90
4
70
1
43
0.0
10
911.2090200505661
20
258.26689873176741
10
912.94340755535518
20
257.27095715250857
10
912.4454367436947
20
256.40376336174768
10
910.71104916217314
20
257.39970498506852
0
LWPOLYLINE
5
405
100
AcDbEntity
8
0
100
AcDbPolyline
90
4
70
1
43
0.0
10
650.37689894529331
20
186.25808116285197
10
649.87892813363283
20
185.39088737209107
10
648.14454055211115
20
186.38682899541186
10
648.64251144050422
20
187.25402274211078
0
LWPOLYLINE
5
406
100
AcDbEntity
8
0
100
AcDbPolyline
90
4
70
1
43
0.0
10
583.00088428798881
20
169.50080374469664
10
584.73527179277789
20
168.50486216543777
10
584.23730098111741
20
167.63766837467693
10
582.50291339959585
20
168.63360999799772
0
LWPOLYLINE
5
407
100
AcDbEntity
8
0
100
AcDbPolyline
90
4
70
1
43
0.0
10
697.87373180489101
20
200.56893699017141
10
699.60811930967998
20
199.5729954109126
10
699.1101484980195
20
198.70580162015165
10
697.37576091649771
20
199.70174324347249
0
LWPOLYLINE
5
408
100
AcDbEntity
8
0
100
AcDbPolyline
90
4
70
1
43
0.0
10
927.12145595030188
20
261.83800973442203
10
927.61942683869506
20
262.70520348112098
10
929.35381434348403
20
261.70926190186213
10
928.85584353182355
20
260.8420681111013
0
LWPOLYLINE
5
409
100
AcDbEntity
8
0
100
AcDbPolyline
90
4
70
1
43
0.0
10
763.01738806901324
20
217.45496224088666
10
763.51535895740642
20
218.32215598758555
10
765.24974646219539
20
217.32621440832673
10
764.75177565053502
20
216.45902061756587
0
LWPOLYLINE
5
410
100
AcDbEntity
8
0
100
AcDbPolyline
90
4
70
1
43
0.0
10
682.69974170989053
20
194.2674968707982
10
680.96535412836897
20
195.26343849411893
10
681.46332501676216
20
196.13063224081787
10
683.19771252155101
20
195.13469066155903
0
LWPOLYLINE
5
411
100
AcDbEntity
8
0
100
AcDbPolyline
90
4
70
1
43
0.0
10
781.16218243866388
20
220.8973253669194
10
779.42779485714209
20
221.89326699024019
10
779.92576574553527
20
222.76046073693914
10
781.66015325032436
20
221.76451915768027
0
LWPOLYLINE
5
412
100
AcDbEntity
8
0
100
AcDbPolyline
90
4
70
1
43
0.0
10
877.89023558591543
20
248.52309548636143
10
878.3882064743085
20
249.39028923306037
10
880.12259397909747
20
248.3943476538015
10
879.62462316743711
20
247.52715386304067
0
LWPOLYLINE
5
413
100
AcDbEntity
8
0
100
AcDbPolyline
90
4
70
1
43
0.0
10
863.71218719096862
20
243.95604290444797
10
863.21421637930814
20
243.08884911368708
10
861.47982879778647
20
244.08479073700789
10
861.97779968617965
20
244.95198448370678
0
LWPOLYLINE
5
414
100
AcDbEntity
8
0
100
AcDbPolyline
90
4
70
1
43
0.0
10
828.65901522152865
20
235.2081812383008
10
829.15698610992183
20
236.07537498499971
10
830.89137361471091
20
235.07943340574087
10
830.39340280305044
20
234.21223961498001
0
LWPOLYLINE
5
415
100
AcDbEntity
8
0
100
AcDbPolyline
90
4
70
1
43
0.0
10
896.53300076722633
20
252.83265240315504
10
896.03502995556585
20
251.96545861239414
10
894.30064237404406
20
252.96140023571496
10
894.79861326243724
20
253.82859398241385
0
LWPOLYLINE
5
416
100
AcDbEntity
8
0
100
AcDbPolyline
90
4
70
1
43
0.0
10
746.60698128088438
20
213.01665749153312
10
747.10495216927757
20
213.88385123823201
10
748.83933967406642
20
212.8879096589732
10
748.34136886240617
20
212.02071586821233
0
LWPOLYLINE
5
417
100
AcDbEntity
8
0
100
AcDbPolyline
90
4
70
1
43
0.0
10
797.57258922679273
20
225.33563011627294
10
795.83820164527106
20
226.33157173959376
10
796.33617253366413
20
227.19876548629261
10
798.0705600384531
20
226.2028239070338
0
LWPOLYLINE
5
418
100
AcDbEntity
8
0
100
AcDbPolyline
90
4
70
1
43
0.0
10
845.06942200965773
20
239.64648598765436
10
845.56739289805068
20
240.51367973435327
10
847.30178040283977
20
239.51773815509443
10
846.80380959117929
20
238.65054436433354
0
LWPOLYLINE
5
419
100
AcDbEntity
8
0
100
AcDbPolyline
90
4
70
1
43
0.0
10
814.48096682658183
20
230.64112865638734
10
813.98299601492158
20
229.77393486562647
10
812.2486084333998
20
230.76987648894726
10
812.74657932179298
20
231.63707023564615
0
LWPOLYLINE
5
420
100
AcDbEntity
8
0
100
AcDbPolyline
90
4
70
1
43
0.0
10
629.66137790238236
20
193.78532935073096
10
627.90711389839817
20
194.7458280776041
10
628.38736333944667
20
195.62296003710227
10
630.14162726581878
20
194.66246135272303
0
LWPOLYLINE
5
421
100
AcDbEntity
8
0
100
AcDbPolyline
90
4
70
1
43
0.0
10
662.2950720589721
20
203.3269228074943
10
660.54080805498813
20
204.28742153436747
10
661.02105749603652
20
205.1645534938657
10
662.77532142240875
20
204.20405480948645
0
LWPOLYLINE
5
422
100
AcDbEntity
8
0
100
AcDbPolyline
90
4
70
1
43
0.0
10
612.07051626115185
20
190.85216330872061
10
613.82478018752397
20
189.89166462434139
10
613.3445308240872
20
189.01453262234921
10
611.59026682010312
20
189.97503134922238
0
LWPOLYLINE
5
423
100
AcDbEntity
8
0
100
AcDbPolyline
90
4
70
1
43
0.0
10
595.75366918285681
20
186.08136658033891
10
597.50793310922893
20
185.12086789595969
10
597.02768374579239
20
184.24373589396754
10
595.2734197418082
20
185.20423462084071
0
LWPOLYLINE
5
424
100
AcDbEntity
8
0
100
AcDbPolyline
90
4
70
1
43
0.0
10
725.80819636816784
20
223.3706084478942
10
726.28844580921634
20
224.2477404073924
10
728.04270973558846
20
223.28724172301321
10
727.56246037215192
20
222.41010972102106
0
LWPOLYLINE
5
425
100
AcDbEntity
8
0
100
AcDbPolyline
90
4
70
1
43
0.0
10
709.49134928987303
20
218.59981171951256
10
709.9715987309213
20
219.47694367901073
10
711.72586265729353
20
218.51644499463148
10
711.24561329385699
20
217.63931299263942
0
LWPOLYLINE
5
426
100
AcDbEntity
8
0
100
AcDbPolyline
90
4
70
1
43
0.0
10
905.77376367046088
20
276.72650441959104
10
907.52802759683289
20
275.76600573521182
10
907.04777823339646
20
274.88887373321967
10
905.29351422941227
20
275.84937246009281
0
LWPOLYLINE
5
427
100
AcDbEntity
8
0
100
AcDbPolyline
90
4
70
1
43
0.0
10
646.45847434411371
20
199.43325808110475
10
645.97822498067717
20
198.55612607911263
10
644.22396097669309
20
199.51662480598574
10
644.70421041774159
20
200.39375676548394
0
LWPOLYLINE
5
428
100
AcDbEntity
8
0
100
AcDbPolyline
90
4
70
1
43
0.0
10
579.43682210456177
20
181.31056985195721
10
581.191086030934
20
180.35007116757799
10
580.71083666749746
20
179.47293916558584
10
578.95657266351327
20
180.43343789245898
0
LWPOLYLINE
5
429
100
AcDbEntity
8
0
100
AcDbPolyline
90
4
70
1
43
0.0
10
693.65475165262649
20
214.70614695062906
10
695.40901557899861
20
213.74564826624982
10
694.92876621556195
20
212.86851626425769
10
693.17450221157787
20
213.8290149911308
0
LWPOLYLINE
5
430
100
AcDbEntity
8
0
100
AcDbPolyline
90
4
70
1
43
0.0
10
921.61036130770742
20
280.62016918847451
10
922.09061074875581
20
281.49730114797273
10
923.84487467512804
20
280.53680246359352
10
923.36462531169127
20
279.65967046160137
0
LWPOLYLINE
5
431
100
AcDbEntity
8
0
100
AcDbPolyline
90
4
70
1
43
0.0
10
758.44189052475781
20
232.91220190465762
10
758.9221399658062
20
233.78933386415582
10
760.67640389217843
20
232.8288351797766
10
760.19615452874189
20
231.95170317778448
0
LWPOLYLINE
5
432
100
AcDbEntity
8
0
100
AcDbPolyline
90
4
70
1
43
0.0
10
678.61191913726714
20
208.097719535876
10
676.85765513328306
20
209.05821826274916
10
677.33790457433145
20
209.93535022224737
10
679.09216850070368
20
208.97485153786815
0
LWPOLYLINE
5
433
100
AcDbEntity
8
0
100
AcDbPolyline
90
4
70
1
43
0.0
10
776.51300160703681
20
236.72249990616618
10
774.75873760305274
20
237.68299863303929
10
775.23898704410135
20
238.56013059253752
10
776.99325097047335
20
237.59963190815827
0
LWPOLYLINE
5
434
100
AcDbEntity
8
0
100
AcDbPolyline
90
4
70
1
43
0.0
10
872.65982007282241
20
266.30777900332947
10
873.14006951387103
20
267.1849109628277
10
874.89433344024314
20
266.22441227844843
10
874.4140840768066
20
265.34728027645633
0
LWPOLYLINE
5
435
100
AcDbEntity
8
0
100
AcDbPolyline
90
4
70
1
43
0.0
10
858.5774863619481
20
261.45361555006679
10
858.09723699851156
20
260.57648354807463
10
856.3429729945276
20
261.53698227494777
10
856.8232224355761
20
262.41411423444595
0
LWPOLYLINE
5
436
100
AcDbEntity
8
0
100
AcDbPolyline
90
4
70
1
43
0.0
10
823.70927883793752
20
251.99538881818438
10
824.18952827898602
20
252.87252077768258
10
825.94379220535825
20
251.91202209330334
10
825.46354284192159
20
251.03489009131121
0
LWPOLYLINE
5
437
100
AcDbEntity
8
0
100
AcDbPolyline
90
4
70
1
43
0.0
10
891.21118051853796
20
270.99520900683012
10
890.73093115510142
20
270.11807700483797
10
888.97666715111745
20
271.07857573171111
10
889.45691659216573
20
271.95570769120934
0
LWPOLYLINE
5
438
100
AcDbEntity
8
0
100
AcDbPolyline
90
4
70
1
43
0.0
10
742.12504344646277
20
228.14140517627592
10
742.60529288751127
20
229.01853713577412
10
744.3595568138835
20
228.05803845139491
10
743.87930745044684
20
227.18090644940276
0
LWPOLYLINE
5
439
100
AcDbEntity
8
0
100
AcDbPolyline
90
4
70
1
43
0.0
10
792.82984868533174
20
241.49329663454785
10
791.07558468134789
20
242.45379536142099
10
791.55583412239605
20
243.33092732091916
10
793.31009804876828
20
242.37042863653997
0
LWPOLYLINE
5
440
100
AcDbEntity
8
0
100
AcDbPolyline
90
4
70
1
43
0.0
10
840.02612591623256
20
256.76618554656608
10
840.50637535728106
20
257.64331750606425
10
842.26063928365318
20
256.68281882168503
10
841.78038992021652
20
255.80568681969294
0
LWPOLYLINE
5
441
100
AcDbEntity
8
0
100
AcDbPolyline
90
4
70
1
43
0.0
10
809.62694512706321
20
247.14122536492167
10
809.14669576362667
20
246.26409336292951
10
807.39243175964259
20
247.22459208980268
10
807.87268120069098
20
248.10172404930088
0
LWPOLYLINE
5
442
100
AcDbEntity
8
0
100
AcDbPolyline
90
4
70
1
43
0.0
10
625.59429905361458
20
206.53807805127539
10
623.82088281852134
20
207.46273737075867
10
624.28321255672222
20
208.34944544739699
10
626.05662871335608
20
207.42478616882198
0
LWPOLYLINE
5
443
100
AcDbEntity
8
0
100
AcDbPolyline
90
4
70
1
43
0.0
10
658.02740202170025
20
216.74071652676557
10
656.25398578660702
20
217.66537584624882
10
656.71631552480801
20
218.55208392288716
10
658.48973168144187
20
217.62742464431221
0
LWPOLYLINE
5
444
100
AcDbEntity
8
0
100
AcDbPolyline
90
4
70
1
43
0.0
10
608.06666107267949
20
203.2481262096519
10
609.84007722931335
20
202.32346693107695
10
609.37774756957151
20
201.43675881353028
10
607.60433133447839
20
202.36141813301356
0
LWPOLYLINE
5
445
100
AcDbEntity
8
0
100
AcDbPolyline
90
4
70
1
43
0.0
10
591.85010958863666
20
198.14680697190681
10
593.62352574527051
20
197.22214769333186
10
593.16119608552879
20
196.33543957578522
10
591.38777985043566
20
197.2600988952685
0
LWPOLYLINE
5
446
100
AcDbEntity
8
0
100
AcDbPolyline
90
4
70
1
43
0.0
10
721.12019172277837
20
238.07065279722917
10
721.58252146097925
20
238.95736087386751
10
723.35593761761311
20
238.03270159529251
10
722.89360795787161
20
237.14599347774589
0
LWPOLYLINE
5
447
100
AcDbEntity
8
0
100
AcDbPolyline
90
4
70
1
43
0.0
10
704.90364023873565
20
232.96933355948411
10
705.36596997693641
20
233.85604163612243
10
707.13938613357027
20
232.93138235754742
10
706.67705647382888
20
232.04467424000083
0
LWPOLYLINE
5
448
100
AcDbEntity
8
0
100
AcDbPolyline
90
4
70
1
43
0.0
10
899.96458778545048
20
295.07187248906348
10
901.73800394208445
20
294.14721321048853
10
901.27567428234272
20
293.26050509294186
10
899.50225804724948
20
294.18516441242514
0
LWPOLYLINE
5
449
100
AcDbEntity
8
0
100
AcDbPolyline
90
4
70
1
43
0.0
10
642.27318019739891
20
212.52610540656707
10
641.81085053765742
20
211.63939728902045
10
640.03743430256418
20
212.56405660850373
10
640.49976404076517
20
213.45076468514208
0
LWPOLYLINE
5
450
100
AcDbEntity
8
0
100
AcDbPolyline
90
4
70
1
43
0.0
10
575.63355810459382
20
193.04548773416172
10
577.40697426122767
20
192.12082845558672
10
576.94464460148595
20
191.2341203380401
10
575.17122836639282
20
192.15877965752338
0
LWPOLYLINE
5
451
100
AcDbEntity
8
0
100
AcDbPolyline
90
4
70
1
43
0.0
10
689.14941849289357
20
228.75472239837734
10
690.92283464952754
20
227.83006311980239
10
690.46050498978593
20
226.94335500225571
10
688.6870887546927
20
227.868014321739
0
LWPOLYLINE
5
452
100
AcDbEntity
8
0
100
AcDbPolyline
90
4
70
1
43
0.0
10
915.71880953129244
20
299.28648365017023
10
916.18113926949331
20
300.17319172680857
10
917.95455542612729
20
299.24853244823362
10
917.49222576638556
20
298.36182433068694
0
LWPOLYLINE
5
453
100
AcDbEntity
8
0
100
AcDbPolyline
90
4
70
1
43
0.0
10
753.55329469086416
20
248.27329127271938
10
754.01562442906493
20
249.15999934935769
10
755.7890405856989
20
248.23534007078274
10
755.32671092595717
20
247.34863195323609
0
LWPOLYLINE
5
454
100
AcDbEntity
8
0
100
AcDbPolyline
90
4
70
1
43
0.0
10
674.24395350574309
20
221.84203576451065
10
672.47053727064997
20
222.76669508399394
10
672.93286700885074
20
223.65340316063225
10
674.70628316548471
20
222.7287438820573
0
LWPOLYLINE
5
455
100
AcDbEntity
8
0
100
AcDbPolyline
90
4
70
1
43
0.0
10
771.54326241000012
20
252.44995119098118
10
769.76984617490689
20
253.37461051046446
10
770.23217591310777
20
254.26131858710278
10
772.00559206974174
20
253.33665930852783
0
LWPOLYLINE
5
456
100
AcDbEntity
8
0
100
AcDbPolyline
90
4
70
1
43
0.0
10
867.06915507916392
20
283.98252593693496
10
867.53148481736491
20
284.86923401357336
10
869.30490097399888
20
283.94457473499835
10
868.84257131425716
20
283.05786661745174
0
LWPOLYLINE
5
457
100
AcDbEntity
8
0
100
AcDbPolyline
90
4
70
1
43
0.0
10
853.08834948995593
20
278.84325549725327
10
852.62601983021432
20
277.95654737970659
10
850.85260359512108
20
278.88120669918987
10
851.31493333332196
20
279.76791477582822
0
LWPOLYLINE
5
458
100
AcDbEntity
8
0
100
AcDbPolyline
90
4
70
1
43
0.0
10
818.41950062703529
20
268.6785682236997
10
818.88183036523628
20
269.56527630033804
10
820.65524652187025
20
268.64061702176309
10
820.19291686212853
20
267.75390890421642
0
LWPOLYLINE
5
459
100
AcDbEntity
8
0
100
AcDbPolyline
90
4
70
1
43
0.0
10
885.52145245804149
20
289.04589397274344
10
885.05912279829988
20
288.15918585519677
10
883.28570656320665
20
289.08384517468005
10
883.74803630140764
20
289.97055325131839
0
LWPOLYLINE
5
460
100
AcDbEntity
8
0
100
AcDbPolyline
90
4
70
1
43
0.0
10
737.33674320682121
20
243.17197203497429
10
737.79907294502209
20
244.0586801116126
10
739.57248910165606
20
243.13402083303765
10
739.11015944191433
20
242.24731271549101
0
LWPOLYLINE
5
461
100
AcDbEntity
8
0
100
AcDbPolyline
90
4
70
1
43
0.0
10
787.75981389404296
20
257.55127042872624
10
785.98639765894973
20
258.47592974820952
10
786.44872739715061
20
259.36263782484787
10
788.22214355378446
20
258.43797854627286
0
LWPOLYLINE
5
462
100
AcDbEntity
8
0
100
AcDbPolyline
90
4
70
1
43
0.0
10
834.63605211107824
20
273.77988746144479
10
835.09838184927912
20
274.66659553808313
10
836.87179800591309
20
273.74193625950818
10
836.40946834617137
20
272.8552281419615
0
LWPOLYLINE
5
463
100
AcDbEntity
8
0
100
AcDbPolyline
90
4
70
1
43
0.0
10
804.4386950378273
20
263.539297784018
10
803.97636537808569
20
262.65258966647133
10
802.20294914299245
20
263.57724898595461
10
802.66527888119344
20
264.46395706259295
0
LWPOLYLINE
5
464
100
AcDbEntity
8
0
100
AcDbPolyline
90
4
70
1
43
0.0
10
621.26896376161983
20
219.20556416309557
10
619.4771273931525
20
220.09400235939108
10
619.92134657057443
20
220.989920504319
10
621.71318285976758
20
220.10148234732927
0
LWPOLYLINE
5
465
100
AcDbEntity
8
0
100
AcDbPolyline
90
4
70
1
43
0.0
10
653.48808657997188
20
230.06503582685275
10
651.69625021150455
20
230.95347402314826
10
652.14046938892648
20
231.84939216807621
10
653.93230567811975
20
230.96095401108647
0
LWPOLYLINE
5
466
100
AcDbEntity
8
0
100
AcDbPolyline
90
4
70
1
43
0.0
10
603.81178516139846
20
215.56018467244041
10
605.60362145059162
20
214.67174651545068
10
605.15940235244375
20
213.77582833121693
10
603.36756598397631
20
214.66426652751241
0
LWPOLYLINE
5
467
100
AcDbEntity
8
0
100
AcDbPolyline
90
4
70
1
43
0.0
10
587.70222375222238
20
210.13044884056183
10
589.49406004141554
20
209.24201068357209
10
589.04984094326778
20
208.34609249933834
10
587.25800457480034
20
209.23453069563385
0
LWPOLYLINE
5
468
100
AcDbEntity
8
0
100
AcDbPolyline
90
4
70
1
43
0.0
10
716.13449584820853
20
252.67241735066267
10
716.57871502563057
20
253.56833549559065
10
718.37055131482384
20
252.67989733860091
10
717.92633221667597
20
251.78397915436716
0
LWPOLYLINE
5
469
100
AcDbEntity
8
0
100
AcDbPolyline
90
4
70
1
43
0.0
10
700.02493443903279
20
247.24268151878408
10
700.46915361645449
20
248.138599663712
10
702.26098990564776
20
247.25016150672229
10
701.81677080750001
20
246.3542433224886
0
LWPOLYLINE
5
470
100
AcDbEntity
8
0
100
AcDbPolyline
90
4
70
1
43
0.0
10
893.78389052656689
20
313.29542964625529
10
895.57572681576016
20
312.40699148926558
10
895.13150771761229
20
311.51107330503186
10
893.33967134914496
20
312.39951150132731
0
LWPOLYLINE
5
471
100
AcDbEntity
8
0
100
AcDbPolyline
90
4
70
1
43
0.0
10
637.82274426894355
20
225.53121817920788
10
637.37852517079591
20
224.63529999497413
10
635.58668880232835
20
225.52373819126962
10
636.0309079797504
20
226.41965633619759
0
LWPOLYLINE
5
472
100
AcDbEntity
8
0
100
AcDbPolyline
90
4
70
1
43
0.0
10
571.59266234304641
20
204.70071300868318
10
573.38449863223946
20
203.81227485169347
10
572.9402795340917
20
202.91635666745975
10
571.14844316562437
20
203.80479486375523
0
LWPOLYLINE
5
473
100
AcDbEntity
8
0
100
AcDbPolyline
90
4
70
1
43
0.0
10
684.35959220727852
20
242.70886383183341
10
686.15142849647191
20
241.82042567484373
10
685.70720939832381
20
240.92450749060993
10
683.91537302985648
20
241.81294568690544
0
LWPOLYLINE
5
474
100
AcDbEntity
8
0
100
AcDbPolyline
90
4
70
1
43
0.0
10
909.44923275832093
20
317.8292473332059
10
909.89345193574297
20
318.72516547813387
10
911.68528822493624
20
317.83672732114417
10
911.24106912678837
20
316.94080913691045
0
LWPOLYLINE
5
475
100
AcDbEntity
8
0
100
AcDbPolyline
90
4
70
1
43
0.0
10
748.35361866656069
20
263.5318890144199
10
748.79783784398273
20
264.42780715934782
10
750.58967413317589
20
263.53936900235811
10
750.14545503502802
20
262.64345081812439
0
LWPOLYLINE
5
476
100
AcDbEntity
8
0
100
AcDbPolyline
90
4
70
1
43
0.0
10
669.59764798914784
20
235.49477165873139
10
667.80581162068063
20
236.38320985502688
10
668.25003079810244
20
237.27912799995482
10
670.04186708729571
20
236.39068984296512
0
LWPOLYLINE
5
477
100
AcDbEntity
8
0
100
AcDbPolyline
90
4
70
1
43
0.0
10
766.2550164442041
20
268.07318665000304
10
764.46318007573677
20
268.96162484629849
10
764.9073992531587
20
269.85754299122647
10
766.69923554235197
20
268.96910483423676
0
LWPOLYLINE
5
478
100
AcDbEntity
8
0
100
AcDbPolyline
90
4
70
1
43
0.0
10
861.12054853079303
20
301.54003983757013
10
861.56476770821484
20
302.43595798249811
10
863.35660399740823
20
301.5475198255084
10
862.91238489926036
20
300.65160164127462
0
LWPOLYLINE
5
479
100
AcDbEntity
8
0
100
AcDbPolyline
90
4
70
1
43
0.0
10
847.24704258823203
20
296.11778399362976
10
846.80282349008417
20
295.22186580939604
10
845.01098712161695
20
296.11030400569155
10
845.45520629903876
20
297.00622215061946
0
LWPOLYLINE
5
480
100
AcDbEntity
8
0
100
AcDbPolyline
90
4
70
1
43
0.0
10
812.79186430326479
20
285.25083234193426
10
813.23608348068672
20
286.14675048686223
10
815.0279197698801
20
285.25831232987252
10
814.58370067173223
20
284.3623941456388
0
LWPOLYLINE
5
481
100
AcDbEntity
8
0
100
AcDbPolyline
90
4
70
1
43
0.0
10
879.46616540658408
20
306.97725565738693
10
879.02194630843621
20
306.08133747315321
10
877.230109939969
20
306.96977566944872
10
877.67432911739081
20
307.86569381437664
0
LWPOLYLINE
5
482
100
AcDbEntity
8
0
100
AcDbPolyline
90
4
70
1
43
0.0
10
732.24405725738461
20
258.10215318254126
10
732.68827643480665
20
258.99807132746923
10
734.48011272399981
20
258.10963317047953
10
734.03589362585205
20
257.2137149862458
0
LWPOLYLINE
5
483
100
AcDbEntity
8
0
100
AcDbPolyline
90
4
70
1
43
0.0
10
782.36457785338018
20
273.50292248188163
10
780.57274148491285
20
274.39136067817708
10
781.01696066233455
20
275.287278823105
10
782.80879695152794
20
274.39884066611529
0
LWPOLYLINE
5
484
100
AcDbEntity
8
0
100
AcDbPolyline
90
4
70
1
43
0.0
10
828.90142571244087
20
290.6805681738129
10
829.3456448898628
20
291.57648631874088
10
831.13748117905607
20
290.68804816175111
10
830.69326208090831
20
289.79212997751739
0
LWPOLYLINE
5
485
100
AcDbEntity
8
0
100
AcDbPolyline
90
4
70
1
43
0.0
10
798.91835836070402
20
279.82857649799394
10
798.47413926255615
20
278.93265831376021
10
796.68230289408882
20
279.82109651005567
10
797.12652207151064
20
280.71701465498364
0
LWPOLYLINE
5
486
100
AcDbEntity
8
0
100
AcDbPolyline
90
4
70
1
43
0.0
10
616.68715760166663
20
231.78255832282801
10
614.87764080171814
20
232.63440863286115
10
615.30356603679093
20
233.53916699514832
10
617.11308275668307
20
232.68731672280228
0
LWPOLYLINE
5
487
100
AcDbEntity
8
0
100
AcDbPolyline
90
4
70
1
43
0.0
10
648.67899964386379
20
243.29438019198068
10
646.86948284391519
20
244.14623050201379
10
647.29540807898832
20
245.05098886430096
10
649.10492479888035
20
244.19913859195498
0
LWPOLYLINE
5
488
100
AcDbEntity
8
0
100
AcDbPolyline
90
4
70
1
43
0.0
10
599.30764501569251
20
227.783256060572
10
601.11716173558455
20
226.93140578822596
10
600.69123658056787
20
226.0266473882516
10
598.88171978061928
20
226.87849769828475
0
LWPOLYLINE
5
489
100
AcDbEntity
8
0
100
AcDbPolyline
90
4
70
1
43
0.0
10
583.31172399459388
20
222.02734512599562
10
585.12124071448591
20
221.17549485364964
10
584.69531555946935
20
220.27073645367534
10
582.88579875952087
20
221.12258676370845
0
LWPOLYLINE
5
490
100
AcDbEntity
8
0
100
AcDbPolyline
90
4
70
1
43
0.0
10
710.85316692830952
20
267.16987424031913
10
711.27909216338264
20
268.07463260260636
10
713.0886088832749
20
267.22278233026032
10
712.66268372825823
20
266.31802393028602
0
LWPOLYLINE
5
491
100
AcDbEntity
8
0
100
AcDbPolyline
90
4
70
1
43
0.0
10
694.85724590721122
20
261.41396330574287
10
695.283171142284
20
262.31872166802998
10
697.09268786217626
20
261.46687139568394
10
696.66676270715982
20
260.5621129957097
0
LWPOLYLINE
5
492
100
AcDbEntity
8
0
100
AcDbPolyline
90
4
70
1
43
0.0
10
887.23422339546744
20
331.38965288294605
10
889.0437401153597
20
330.53780261060007
10
888.61781496034314
20
329.63304421062571
10
886.80829816039454
20
330.48489452065883
0
LWPOLYLINE
5
493
100
AcDbEntity
8
0
100
AcDbPolyline
90
4
70
1
43
0.0
10
633.10900377778171
20
238.4432276573786
10
632.68307862276515
20
237.53846925740433
10
630.87356182281667
20
238.39031956743747
10
631.29948705788956
20
239.29507792972464
0
LWPOLYLINE
5
494
100
AcDbEntity
8
0
100
AcDbPolyline
90
4
70
1
43
0.0
10
567.31580297349512
20
216.2714341914193
10
569.12531969338727
20
215.41958391907329
10
568.69939453837071
20
214.51482551909896
10
566.88987773842223
20
215.36667582913211
0
LWPOLYLINE
5
495
100
AcDbEntity
8
0
100
AcDbPolyline
90
4
70
1
43
0.0
10
679.28725012118548
20
256.56281073345372
10
681.09676684107762
20
255.71096046110767
10
680.67084168606107
20
254.80620206113332
10
678.86132488611236
20
255.65805237116646
0
LWPOLYLINE
5
496
100
AcDbEntity
8
0
100
AcDbPolyline
90
4
70
1
43
0.0
10
902.80421918149295
20
336.2408054552352
10
903.23014441656608
20
337.14556381752237
10
905.03966113645834
20
336.29371354517639
10
904.61373598144166
20
335.38895514520209
0
LWPOLYLINE
5
497
100
AcDbEntity
8
0
100
AcDbPolyline
90
4
70
1
43
0.0
10
742.84500897050691
20
278.68169610947183
10
743.27093420558003
20
279.58645447175905
10
745.08045092547206
20
278.73460419941301
10
744.65452577045551
20
277.82984579943871
0
LWPOLYLINE
5
498
100
AcDbEntity
8
0
100
AcDbPolyline
90
4
70
1
43
0.0
10
664.67492066496243
20
249.050291126557
10
662.86540386501383
20
249.90214143659014
10
663.29132910008695
20
250.80689979887737
10
665.10084581997899
20
249.95504952653133
0
LWPOLYLINE
5
499
100
AcDbEntity
8
0
100
AcDbPolyline
90
4
70
1
43
0.0
10
760.65044679155426
20
283.58575673401504
10
758.84092999160555
20
284.43760704404815
10
759.26685522667867
20
285.34236540633538
10
761.0763719465707
20
284.49051513398933
0
LWPOLYLINE
5
500
100
AcDbEntity
8
0
100
AcDbPolyline
90
4
70
1
43
0.0
10
854.81645611819727
20
318.97307265150619
10
855.24238135327039
20
319.87783101379341
10
857.05189807316242
20
319.02598074144737
10
856.62597291814586
20
318.12122234147307
0
LWPOLYLINE
5
501
100
AcDbEntity
8
0
100
AcDbPolyline
90
4
70
1
43
0.0
10
841.05597705206378
20
313.27006980687099
10
840.63005189704722
20
312.36531140689675
10
838.82053509709863
20
313.21716171692987
10
839.24646033217175
20
314.12192007921703
0
LWPOLYLINE
5
502
100
AcDbEntity
8
0
100
AcDbPolyline
90
4
70
1
43
0.0
10
806.82869305490135
20
301.70533984777717
10
807.25461828997436
20
302.61009821006439
10
809.06413500986662
20
301.75824793771835
10
808.63820985484995
20
300.85348953774405
0
LWPOLYLINE
5
503
100
AcDbEntity
8
0
100
AcDbPolyline
90
4
70
1
43
0.0
10
873.04781909426094
20
324.78189167602375
10
872.6218939392445
20
323.87713327604945
10
870.81237713929579
20
324.72898358608245
10
871.2383023743688
20
325.63374194836967
0
LWPOLYLINE
5
504
100
AcDbEntity
8
0
100
AcDbPolyline
90
4
70
1
43
0.0
10
726.84908794940827
20
272.92578517489551
10
727.2750131844814
20
273.83054353718262
10
729.08452990437343
20
272.97869326483669
10
728.65860474935687
20
272.07393486486234
0
LWPOLYLINE
5
505
100
AcDbEntity
8
0
100
AcDbPolyline
90
4
70
1
43
0.0
10
776.6463678126529
20
289.34166766859141
10
774.8368510127043
20
290.19351797862453
10
775.26277624777708
20
291.0982763409117
10
777.07229296766923
20
290.24642606856565
0
LWPOLYLINE
5
506
100
AcDbEntity
8
0
100
AcDbPolyline
90
4
70
1
43
0.0
10
822.82461407599999
20
307.46125078235355
10
823.250539311073
20
308.36600914464071
10
825.06005603096514
20
307.51415887229473
10
824.63413087594859
20
306.60940047232037
0
LWPOLYLINE
5
507
100
AcDbEntity
8
0
100
AcDbPolyline
90
4
70
1
43
0.0
10
793.06821398876787
20
296.00233700314197
10
792.64228883375142
20
295.09757860316773
10
790.83277203380271
20
295.94942891320079
10
791.25869726887572
20
296.85418727548802
0
LWPOLYLINE
5
508
100
AcDbEntity
8
0
100
AcDbPolyline
90
4
70
1
43
0.0
10
611.85077202475452
20
244.26386852379522
10
610.02432179401444
20
245.07877928862086
10
610.43177725723274
20
245.99200436793811
10
612.25822740716717
20
245.17709363916532
0
LWPOLYLINE
5
509
100
AcDbEntity
8
0
100
AcDbPolyline
90
4
70
1
43
0.0
10
643.60212648991865
20
256.42328831371498
10
641.77567625917857
20
257.23819907854062
10
642.18313172239709
20
258.15142415785795
10
644.00958187233164
20
257.33651342908507
0
LWPOLYLINE
5
510
100
AcDbEntity
8
0
100
AcDbPolyline
90
4
70
1
43
0.0
10
594.55610002465073
20
239.91229447297826
10
596.38255017458516
20
239.09738374420544
10
595.97509479217229
20
238.18415862883526
10
594.14864456143209
20
238.99906939366093
0
LWPOLYLINE
5
511
100
AcDbEntity
8
0
100
AcDbPolyline
90
4
70
1
43
0.0
10
578.6804227920685
20
233.83258457801838
10
580.50687294200304
20
233.01767384924557
10
580.09941755959017
20
232.10444873387544
10
578.27296732885009
20
232.91935949870108
0
LWPOLYLINE
5
512
100
AcDbEntity
8
0
100
AcDbPolyline
90
4
70
1
43
0.0
10
705.27838518950716
20
281.55703865838018
10
705.68584065272557
20
282.47026373769745
10
707.51229080266012
20
281.65535300892464
10
707.10483542024713
20
280.74212789355448
0
LWPOLYLINE
5
513
100
AcDbEntity
8
0
100
AcDbPolyline
90
4
70
1
43
0.0
10
689.40270795692516
20
275.4773287634203
10
689.81016342014345
20
276.39055384273757
10
691.636613570078
20
275.5756431139647
10
691.22915818766512
20
274.66241799859466
0
LWPOLYLINE
5
514
100
AcDbEntity
8
0
100
AcDbPolyline
90
4
70
1
43
0.0
10
880.31829021112912
20
349.34707258225626
10
882.14474036106367
20
348.53216185348344
10
881.73728497865068
20
347.61893673811329
10
879.91083474791071
20
348.43384750293893
0
LWPOLYLINE
5
515
100
AcDbEntity
8
0
100
AcDbPolyline
90
4
70
1
43
0.0
10
628.1339046397494
20
251.2568035341252
10
627.72644925733653
20
250.34357841875507
10
625.89999902659645
20
251.15848918358071
10
626.30745448981497
20
252.07171426289801
0
LWPOLYLINE
5
516
100
AcDbEntity
8
0
100
AcDbPolyline
90
4
70
1
43
0.0
10
562.80474555948638
20
227.75287468305848
10
564.63119570942081
20
226.93796395428566
10
564.22374032700804
20
226.02473883891551
10
562.39729009626797
20
226.83964960374118
0
LWPOLYLINE
5
517
100
AcDbEntity
8
0
100
AcDbPolyline
90
4
70
1
43
0.0
10
673.93448618756133
20
270.3108439477777
10
675.76093633749588
20
269.49593321900488
10
675.35348095508289
20
268.58270810363473
10
673.52703072434281
20
269.39761886846037
0
LWPOLYLINE
5
518
100
AcDbEntity
8
0
100
AcDbPolyline
90
4
70
1
43
0.0
10
895.78651198049283
20
354.51355739789881
10
896.19396744371124
20
355.42678247721619
10
898.02041759364579
20
354.61187174844326
10
897.61296221123291
20
353.69864663307317
0
LWPOLYLINE
5
519
100
AcDbEntity
8
0
100
AcDbPolyline
90
4
70
1
43
0.0
10
737.02973965467152
20
293.71645844829993
10
737.43719511788993
20
294.62968352761726
10
739.26364526782447
20
293.81477279884444
10
738.8561898854116
20
292.90154768347429
0
LWPOLYLINE
5
520
100
AcDbEntity
8
0
100
AcDbPolyline
90
4
70
1
43
0.0
10
659.47780372250077
20
262.50299820867485
10
657.6513534917608
20
263.31790897350049
10
658.05880895497921
20
264.23113405281782
10
659.88525910491376
20
263.41622332404495
0
LWPOLYLINE
5
521
100
AcDbEntity
8
0
100
AcDbPolyline
90
4
70
1
43
0.0
10
754.73186711799372
20
298.98125757843422
10
752.90541688725352
20
299.79616834325986
10
753.31287235047216
20
300.70939342257714
10
755.13932250040671
20
299.89448269380432
0
LWPOLYLINE
5
522
100
AcDbEntity
8
0
100
AcDbPolyline
90
4
70
1
43
0.0
10
848.15948028274647
20
336.27442771301912
10
848.56693574596488
20
337.18765279233651
10
850.39338589589943
20
336.37274206356369
10
849.98593051348644
20
335.4595169481936
0
LWPOLYLINE
5
523
100
AcDbEntity
8
0
100
AcDbPolyline
90
4
70
1
43
0.0
10
834.51770866331731
20
330.2930321686037
10
834.11025328090432
20
329.37980705323366
10
832.28380305016435
20
330.19471781805925
10
832.69125851338276
20
331.10794289737663
0
LWPOLYLINE
5
524
100
AcDbEntity
8
0
100
AcDbPolyline
90
4
70
1
43
0.0
10
800.53244858499988
20
318.03529802813949
10
800.93990404821841
20
318.94852310745682
10
802.76635419815307
20
318.13361237868395
10
802.35889881574008
20
317.22038726331385
0
LWPOLYLINE
5
525
100
AcDbEntity
8
0
100
AcDbPolyline
90
4
70
1
43
0.0
10
866.26906312848155
20
342.45245195852351
10
865.86160774606856
20
341.53922684315341
10
864.03515751532848
20
342.35413760797906
10
864.442612978547
20
343.26736268729633
0
LWPOLYLINE
5
526
100
AcDbEntity
8
0
100
AcDbPolyline
90
4
70
1
43
0.0
10
721.15406242208928
20
287.63674855334006
10
721.56151788530781
20
288.54997363265733
10
723.38796803524235
20
287.73506290388457
10
722.98051265282936
20
286.82183778851436
0
LWPOLYLINE
5
527
100
AcDbEntity
8
0
100
AcDbPolyline
90
4
70
1
43
0.0
10
770.60754435057584
20
305.0609674733941
10
768.78109411983576
20
305.87587823821974
10
769.18854958305417
20
306.78910331753696
10
771.01499973298871
20
305.9741925887642
0
LWPOLYLINE
5
528
100
AcDbEntity
8
0
100
AcDbPolyline
90
4
70
1
43
0.0
10
816.40812581758212
20
324.11500792309937
10
816.81558128080053
20
325.02823300241675
10
818.64203143073507
20
324.21332227364388
10
818.2345760483222
20
323.30009715827373
0
LWPOLYLINE
5
529
100
AcDbEntity
8
0
100
AcDbPolyline
90
4
70
1
43
0.0
10
786.89067696557095
20
312.05390248372407
10
786.48322158315796
20
311.14067736835398
10
784.65677135241776
20
311.95558813317962
10
785.0642268156364
20
312.86881321249689
0
LWPOLYLINE
5
530
100
AcDbEntity
8
0
100
AcDbPolyline
90
4
70
1
43
0.0
10
606.7618035767905
20
256.64434225935787
10
604.91917390636922
20
257.42197706933166
10
605.3079913928774
20
258.34329187013861
10
607.15062098177725
20
257.56565709456845
0
LWPOLYLINE
5
531
100
AcDbEntity
8
0
100
AcDbPolyline
90
4
70
1
43
0.0
10
638.2595629415888
20
269.44634034548704
10
636.41693327116764
20
270.22397515546089
10
636.80575075767581
20
271.14528995626785
10
638.64838034657566
20
270.36765518069768
0
LWPOLYLINE
5
532
100
AcDbEntity
8
0
100
AcDbPolyline
90
4
70
1
43
0.0
10
589.55911171047842
20
251.94229282707403
10
591.40174129937816
20
251.16465805150386
10
591.01292389439107
20
250.24334321629317
10
589.1702942239699
20
251.02097802626699
0
LWPOLYLINE
5
533
100
AcDbEntity
8
0
100
AcDbPolyline
90
4
70
1
43
0.0
10
573.81023202807921
20
245.54129378400941
10
575.65286161697895
20
244.76365900843922
10
575.26404421199209
20
243.84234417322861
10
573.42141454157081
20
244.61997898320243
0
LWPOLYLINE
5
534
100
AcDbEntity
8
0
100
AcDbPolyline
90
4
70
1
43
0.0
10
699.41245200076423
20
295.82797132771935
10
699.80126948727263
20
296.74928612852631
10
701.64389907617237
20
295.97165135295614
10
701.25508167118539
20
295.05033651774556
0
LWPOLYLINE
5
535
100
AcDbEntity
8
0
100
AcDbPolyline
90
4
70
1
43
0.0
10
683.66357231836514
20
289.42697228465477
10
684.05238980487343
20
290.34828708546166
10
685.89501939377317
20
289.5706523098915
10
685.5062019887863
20
288.64933747468092
0
LWPOLYLINE
5
536
100
AcDbEntity
8
0
100
AcDbPolyline
90
4
70
1
43
0.0
10
873.03894599366367
20
367.16027560223716
10
874.88157558256353
20
366.382640826667
10
874.49275817757655
20
365.46132599145631
10
872.65012850715539
20
366.23896080143015
0
LWPOLYLINE
5
537
100
AcDbEntity
8
0
100
AcDbPolyline
90
4
70
1
43
0.0
10
622.89950066417646
20
263.96665613763309
10
622.51068325918948
20
263.0453413024224
10
620.66805358876832
20
263.82297611239625
10
621.0568710752766
20
264.74429091320326
0
LWPOLYLINE
5
538
100
AcDbEntity
8
0
100
AcDbPolyline
90
4
70
1
43
0.0
10
558.06135234568001
20
239.14029474094477
10
559.90398193457975
20
238.3626599653746
10
559.51516452959277
20
237.441345130164
10
557.67253485917172
20
238.21897994013779
0
LWPOLYLINE
5
539
100
AcDbEntity
8
0
100
AcDbPolyline
90
4
70
1
43
0.0
10
668.30351012247434
20
283.94728804239713
10
670.14613971137408
20
283.16965326682697
10
669.75732230638698
20
282.24833843161628
10
667.91469263596582
20
283.02597324159012
0
LWPOLYLINE
5
540
100
AcDbEntity
8
0
100
AcDbPolyline
90
4
70
1
43
0.0
10
888.39900818955459
20
372.6399598444948
10
888.78782567606299
20
373.56127464530175
10
890.63045526496262
20
372.78363986973159
10
890.24163785997575
20
371.86232503452095
0
LWPOLYLINE
5
541
100
AcDbEntity
8
0
100
AcDbPolyline
90
4
70
1
43
0.0
10
730.91021136556265
20
308.62996941384858
10
731.29902885207105
20
309.55128421465554
10
733.14165844097079
20
308.77364943908537
10
732.75284103598381
20
307.85233460387479
0
LWPOLYLINE
5
542
100
AcDbEntity
8
0
100
AcDbPolyline
90
4
70
1
43
0.0
10
654.00844262398789
20
275.84733938855169
10
652.16581295356673
20
276.62497419852548
10
652.55463044007513
20
277.54628899933249
10
654.39726002897487
20
276.76865422376233
0
LWPOLYLINE
5
543
100
AcDbEntity
8
0
100
AcDbPolyline
90
4
70
1
43
0.0
10
748.50172071838301
20
314.25333364693938
10
746.65909104796185
20
315.03096845691323
10
747.04790853447037
20
315.95228325772018
10
748.89053812336999
20
315.17464848215002
0
LWPOLYLINE
5
544
100
AcDbEntity
8
0
100
AcDbPolyline
90
4
70
1
43
0.0
10
841.15236914235697
20
353.43696271530092
10
841.54118662886549
20
354.35827751610793
10
843.38381621776523
20
353.58064274053783
10
842.99499881277814
20
352.65932790532707
0
LWPOLYLINE
5
545
100
AcDbEntity
8
0
100
AcDbPolyline
90
4
70
1
43
0.0
10
827.6349365353658
20
347.17964369747313
10
827.24611913037893
20
346.25832886226249
10
825.40348945995777
20
347.03596367223633
10
825.79230694646628
20
347.95727847304329
0
LWPOLYLINE
5
546
100
AcDbEntity
8
0
100
AcDbPolyline
90
4
70
1
43
0.0
10
793.90573009515936
20
334.23396558610705
10
794.29454758166787
20
335.155280386914
10
796.13717717056738
20
334.37764561134384
10
795.74835976558052
20
333.4563307761332
0
LWPOLYLINE
5
547
100
AcDbEntity
8
0
100
AcDbPolyline
90
4
70
1
43
0.0
10
859.13269590016421
20
359.98164178360236
10
858.74387849517734
20
359.06032694839166
10
856.90124882475618
20
359.83796175836551
10
857.29006631126458
20
360.75927655917246
0
LWPOLYLINE
5
548
100
AcDbEntity
8
0
100
AcDbPolyline
90
4
70
1
43
0.0
10
715.16133168316344
20
302.22897037078394
10
715.55014916967184
20
303.15028517159095
10
717.39277875857158
20
302.37265039602079
10
717.0039613535846
20
301.45133556081015
0
LWPOLYLINE
5
549
100
AcDbEntity
8
0
100
AcDbPolyline
90
4
70
1
43
0.0
10
764.25060040078222
20
320.65433269000408
10
762.40797073036106
20
321.43196749997787
10
762.79678821686946
20
322.35328230078471
10
764.63941780576897
20
321.57564752521461
0
LWPOLYLINE
5
550
100
AcDbEntity
8
0
100
AcDbPolyline
90
4
70
1
43
0.0
10
809.65460977755856
20
340.63496462917163
10
810.04342726406708
20
341.55627942997864
10
811.8860568529667
20
340.77864465440854
10
811.49723944797972
20
339.8573298191979
0
LWPOLYLINE
5
551
100
AcDbEntity
8
0
100
AcDbPolyline
90
4
70
1
43
0.0
10
780.38829748816829
20
327.97664656827925
10
779.99948008318131
20
327.05533173306861
10
778.15685041276015
20
327.8329665430424
10
778.54566789926866
20
328.75428134384941
0
LWPOLYLINE
5
552
100
AcDbEntity
8
0
100
AcDbPolyline
90
4
70
1
43
0.0
10
601.42235307437875
20
268.91886864996161
10
599.5643046345474
20
269.65890648361574
10
599.93432363357795
20
270.58793067079108
10
601.79237199120575
20
269.84789286987728
0
LWPOLYLINE
5
553
100
AcDbEntity
8
0
100
AcDbPolyline
90
4
70
1
43
0.0
10
632.65351450404194
20
282.35816014000358
10
630.79546606421059
20
283.0981979736577
10
631.16548506324125
20
284.02722216083311
10
633.02353342086906
20
283.28718435991931
0
LWPOLYLINE
5
554
100
AcDbEntity
8
0
100
AcDbPolyline
90
4
70
1
43
0.0
10
584.31874291874647
20
263.86828492577013
10
586.17679127637427
20
263.12824712485633
10
585.80677235954704
20
262.19922290494048
10
583.94872391971569
20
262.93926073859467
0
LWPOLYLINE
5
555
100
AcDbEntity
8
0
100
AcDbPolyline
90
4
70
1
43
0.0
10
568.70316220391476
20
257.14863918074911
10
570.56121056154257
20
256.40860137983532
10
570.19119164471545
20
255.47957715991956
10
568.3331432048841
20
256.21961499357371
0
LWPOLYLINE
5
556
100
AcDbEntity
8
0
100
AcDbPolyline
90
4
70
1
43
0.0
10
693.25778892353708
20
309.97678095374175
10
693.62780792256763
20
310.9058051409171
10
695.48585628019555
20
310.1657673400033
10
695.11583736336843
20
309.23674312008757
0
LWPOLYLINE
5
557
100
AcDbEntity
8
0
100
AcDbPolyline
90
4
70
1
43
0.0
10
677.64220820870548
20
303.25713520872074
10
678.01222720773592
20
304.18615939589608
10
679.87027556536395
20
303.44612159498229
10
679.50025664853695
20
302.51709737506661
0
LWPOLYLINE
5
558
100
AcDbEntity
8
0
100
AcDbPolyline
90
4
70
1
43
0.0
10
865.39919578571539
20
384.82190833614823
10
867.2572441433432
20
384.08187053523432
10
866.88722522651631
20
383.15284631531858
10
865.02917678668484
20
383.89288414897283
0
LWPOLYLINE
5
559
100
AcDbEntity
8
0
100
AcDbPolyline
90
4
70
1
43
0.0
10
617.40795270603735
20
276.5675386148983
10
617.03793378921023
20
275.63851439498256
10
615.17988534937888
20
276.37855222863669
10
615.54990434840965
20
277.30757641581209
0
LWPOLYLINE
5
560
100
AcDbEntity
8
0
100
AcDbPolyline
90
4
70
1
43
0.0
10
553.08758148908316
20
250.4289934357281
10
554.94562984671097
20
249.68895563481428
10
554.57561092988385
20
248.75993141489855
10
552.7175624900525
20
249.49996924855267
0
LWPOLYLINE
5
561
100
AcDbEntity
8
0
100
AcDbPolyline
90
4
70
1
43
0.0
10
662.39664649290444
20
297.46651365087519
10
664.25469485053225
20
296.72647584996133
10
663.88467593370524
20
295.79745163004554
10
662.02662749387378
20
296.53748946369967
0
LWPOLYLINE
5
562
100
AcDbEntity
8
0
100
AcDbPolyline
90
4
70
1
43
0.0
10
880.64475750151644
20
390.61252989399378
10
881.01477650054699
20
391.54155408116929
10
882.87282485817502
20
390.80151628025538
10
882.5028059413479
20
389.87249206033965
0
LWPOLYLINE
5
563
100
AcDbEntity
8
0
100
AcDbPolyline
90
4
70
1
43
0.0
10
724.48895035320038
20
323.41607244378372
10
724.85896935223093
20
324.34509663095918
10
726.71701770985874
20
323.60505883004532
10
726.34699879303173
20
322.67603461012959
0
LWPOLYLINE
5
564
100
AcDbEntity
8
0
100
AcDbPolyline
90
4
70
1
43
0.0
10
648.26909521887376
20
289.07780588502459
10
646.41104677904218
20
289.81784371867872
10
646.78106577807284
20
290.74686790585412
10
648.63911413570065
20
290.00683010494032
0
LWPOLYLINE
5
565
100
AcDbEntity
8
0
100
AcDbPolyline
90
4
70
1
43
0.0
10
741.96257950786332
20
329.3956803551506
10
740.10453106803197
20
330.13571818880479
10
740.47455006706264
20
331.06474237598025
10
742.33259842469033
20
330.32470457506633
0
LWPOLYLINE
5
566
100
AcDbEntity
8
0
100
AcDbPolyline
90
4
70
1
43
0.0
10
833.79801535702177
20
370.4535926589308
10
834.16803435605232
20
371.38261684610626
10
836.02608271368013
20
370.64257904519241
10
835.656063796853
20
369.71355482527662
0
LWPOLYLINE
5
567
100
AcDbEntity
8
0
100
AcDbPolyline
90
4
70
1
43
0.0
10
820.41050199884853
20
363.92293330017139
10
820.04048308202141
20
362.99390908025566
10
818.18243464219006
20
363.73394691390979
10
818.55245364122061
20
364.6629711010853
0
LWPOLYLINE
5
568
100
AcDbEntity
8
0
100
AcDbPolyline
90
4
70
1
43
0.0
10
786.95127321252676
20
350.29465542386777
10
787.32129221155731
20
351.22367961104322
10
789.17934056918523
20
350.48364181012937
10
788.80932165235822
20
349.55461759021364
0
LWPOLYLINE
5
569
100
AcDbEntity
8
0
100
AcDbPolyline
90
4
70
1
43
0.0
10
851.64166342851161
20
377.36222479021336
10
851.27164451168471
20
376.43320057029763
10
849.41359607185314
20
377.17323840395176
10
849.7836150708838
20
378.10226259112721
0
LWPOLYLINE
5
570
100
AcDbEntity
8
0
100
AcDbPolyline
90
4
70
1
43
0.0
10
708.87336963836879
20
316.69642669876271
10
709.24338863739922
20
317.62545088593816
10
711.10143699502714
20
316.88541308502431
10
710.73141807820002
20
315.95638886510858
0
LWPOLYLINE
5
571
100
AcDbEntity
8
0
100
AcDbPolyline
90
4
70
1
43
0.0
10
757.57816022269503
20
336.11532610017156
10
755.72011178286357
20
336.85536393382574
10
756.090130781894
20
337.7843881210012
10
757.94817913952193
20
337.04435032008735
0
LWPOLYLINE
5
572
100
AcDbEntity
8
0
100
AcDbPolyline
90
4
70
1
43
0.0
10
802.56685392735847
20
357.01430116888878
10
802.9368729263889
20
357.94332535606424
10
804.79492128401694
20
357.20328755515033
10
804.42490236718982
20
356.27426333523459
0
LWPOLYLINE
5
573
100
AcDbEntity
8
0
100
AcDbPolyline
90
4
70
1
43
0.0
10
773.56375985435363
20
343.7639960651083
10
773.19374093752663
20
342.83497184519257
10
771.33569249769505
20
343.57500967884675
10
771.70571149672571
20
344.50403386602216
0
LWPOLYLINE
5
574
100
AcDbEntity
8
0
100
AcDbPolyline
90
4
70
1
43
0.0
10
595.83462473756708
20
281.08238055299859
10
593.96192456373819
20
281.78451590956513
10
594.31299232487311
20
282.72086596541612
10
596.18569241585021
20
282.01873063991297
0
LWPOLYLINE
5
575
100
AcDbEntity
8
0
100
AcDbPolyline
90
4
70
1
43
0.0
10
626.78629545369074
20
295.15341746861509
10
624.91359527986197
20
295.85555282518163
10
625.26466304099699
20
296.79190288103263
10
627.1373631319741
20
296.08976755552953
0
LWPOLYLINE
5
576
100
AcDbEntity
8
0
100
AcDbPolyline
90
4
70
1
43
0.0
10
578.83715696681134
20
275.68534750760796
10
580.70985705778844
20
274.98321218210481
10
580.35878937950497
20
274.04686209519031
10
578.48608920567608
20
274.74899745175685
0
LWPOLYLINE
5
577
100
AcDbEntity
8
0
100
AcDbPolyline
90
4
70
1
43
0.0
10
563.36132160874934
20
268.64982904979968
10
565.23402169972644
20
267.94769372429653
10
564.8829540214432
20
267.01134363738208
10
563.01025384761431
20
267.71347899394863
0
LWPOLYLINE
5
578
100
AcDbEntity
8
0
100
AcDbPolyline
90
4
70
1
43
0.0
10
686.81693671210962
20
323.99762665641452
10
687.16800447324454
20
324.93397671226558
10
689.04070456422176
20
324.23184138676254
10
688.68963688593851
20
323.29549129984804
0
LWPOLYLINE
5
579
100
AcDbEntity
8
0
100
AcDbPolyline
90
4
70
1
43
0.0
10
671.34110135404785
20
316.96210819860642
10
671.69216911518276
20
317.89845825445741
10
673.56486920615976
20
317.19632292895426
10
673.21380152787674
20
316.25997284203987
0
LWPOLYLINE
5
580
100
AcDbEntity
8
0
100
AcDbPolyline
90
4
70
1
43
0.0
10
857.40219341192574
20
402.32467974815643
10
859.27489350290284
20
401.62254442265328
10
858.9238258246196
20
400.68619433573878
10
857.05112565079071
20
401.38832969230532
0
LWPOLYLINE
5
581
100
AcDbEntity
8
0
100
AcDbPolyline
90
4
70
1
43
0.0
10
611.6615277739121
20
289.05424909772125
10
611.31046009562886
20
288.11789901080681
10
609.43775992179997
20
288.82003436737335
10
609.78882768293499
20
289.7563844232244
0
LWPOLYLINE
5
582
100
AcDbEntity
8
0
100
AcDbPolyline
90
4
70
1
43
0.0
10
547.88548625068745
20
261.6143105919914
10
549.75818634166455
20
260.9121752664883
10
549.4071186633812
20
259.9758251795738
10
547.53441848955242
20
260.67796053614035
0
LWPOLYLINE
5
583
100
AcDbEntity
8
0
100
AcDbPolyline
90
4
70
1
43
0.0
10
656.21633375712099
20
310.86293979664913
10
658.08903384809798
20
310.16080447114609
10
657.73796616981463
20
309.22445438423154
10
655.86526599598574
20
309.92658974079808
0
LWPOLYLINE
5
584
100
AcDbEntity
8
0
100
AcDbPolyline
90
4
70
1
43
0.0
10
872.52696100885271
20
408.42384815011366
10
872.87802876998762
20
409.36019820596465
10
874.75072886096484
20
408.6580628804615
10
874.3996611826816
20
407.72171279354711
0
LWPOLYLINE
5
585
100
AcDbEntity
8
0
100
AcDbPolyline
90
4
70
1
43
0.0
10
717.76860742823351
20
338.06866357203114
10
718.11967518936854
20
339.00501362788219
10
719.99237528034553
20
338.3028783023791
10
719.6413076020624
20
337.36652821546454
0
LWPOLYLINE
5
586
100
AcDbEntity
8
0
100
AcDbPolyline
90
4
70
1
43
0.0
10
642.26213081175285
20
302.18893592642337
10
640.38943063792385
20
302.89107128298986
10
640.74049839905899
20
303.82742133884091
10
642.61319849003598
20
303.12528601333776
0
LWPOLYLINE
5
587
100
AcDbEntity
8
0
100
AcDbPolyline
90
4
70
1
43
0.0
10
735.11714296012428
20
344.40204667327282
10
733.24444278629539
20
345.10418202983936
10
733.59551054743054
20
346.04053208569042
10
735.46821063840753
20
345.33839676018727
0
LWPOLYLINE
5
588
100
AcDbEntity
8
0
100
AcDbPolyline
90
4
70
1
43
0.0
10
826.09945493466694
20
387.31729277668887
10
826.45052269580208
20
388.25364283253987
10
828.32322278677907
20
387.55150750703683
10
827.97215510849583
20
386.61515742012233
0
LWPOLYLINE
5
589
100
AcDbEntity
8
0
100
AcDbPolyline
90
4
70
1
43
0.0
10
812.84738742871707
20
380.51598904922855
10
812.49631975043394
20
379.57963896231405
10
810.62361957660505
20
380.28177431888059
10
810.97468733774008
20
381.2181243747317
0
LWPOLYLINE
5
590
100
AcDbEntity
8
0
100
AcDbPolyline
90
4
70
1
43
0.0
10
779.67194886048117
20
366.21073740326409
10
780.02301662161608
20
367.14708745911514
10
781.8957167125933
20
366.44495213361205
10
781.54464903431005
20
365.50860204669755
0
LWPOLYLINE
5
591
100
AcDbEntity
8
0
100
AcDbPolyline
90
4
70
1
43
0.0
10
843.79905814484096
20
394.587025964845
10
843.44799046655771
20
393.6506758779305
10
841.57529029272882
20
394.35281123449704
10
841.92635805386385
20
395.28916129034815
0
LWPOLYLINE
5
592
100
AcDbEntity
8
0
100
AcDbPolyline
90
4
70
1
43
0.0
10
702.29277207017162
20
331.03314511422286
10
702.64383983130654
20
331.96949517007391
10
704.51653992228376
20
331.26735984457076
10
704.16547224400051
20
330.33100975765626
0
LWPOLYLINE
5
593
100
AcDbEntity
8
0
100
AcDbPolyline
90
4
70
1
43
0.0
10
750.59297831818628
20
351.4375651310811
10
748.72027814435739
20
352.13970048764764
10
749.07134590549231
20
353.07605054349864
10
750.94404599646941
20
352.37391521799555
0
LWPOLYLINE
5
594
100
AcDbEntity
8
0
100
AcDbPolyline
90
4
70
1
43
0.0
10
795.14778421854317
20
373.24625586107237
10
795.49885197967808
20
374.18260591692336
10
797.3715520706553
20
373.48047059142027
10
797.02048439237205
20
372.54412050450583
0
LWPOLYLINE
5
595
100
AcDbEntity
8
0
100
AcDbPolyline
90
4
70
1
43
0.0
10
766.4198813545313
20
359.40943367580371
10
766.06881367624806
20
358.47308358888932
10
764.19611350241917
20
359.17521894545587
10
764.54718126355419
20
360.11156900130686
0
LWPOLYLINE
5
596
100
AcDbEntity
8
0
100
AcDbPolyline
90
4
70
1
43
0.0
10
590.00092527990455
20
293.12985665461417
10
588.11434645598717
20
293.79379968014121
10
588.44631805221627
20
294.73708906272611
10
590.33289679266784
20
294.0731460665728
0
LWPOLYLINE
5
597
100
AcDbEntity
8
0
100
AcDbPolyline
90
4
70
1
43
0.0
10
620.66032788281757
20
307.82683022172927
10
618.77374905890019
20
308.4907732472563
10
619.10572065512963
20
309.43406262984132
10
620.99229939558109
20
308.77011963368795
0
LWPOLYLINE
5
598
100
AcDbEntity
8
0
100
AcDbPolyline
90
4
70
1
43
0.0
10
573.11661675075982
20
287.38860227916859
10
575.0031954912115
20
286.72465928301528
10
574.67122397844776
20
285.78136987105654
10
572.78464515453038
20
286.44531289658357
0
LWPOLYLINE
5
599
100
AcDbEntity
8
0
100
AcDbPolyline
90
4
70
1
43
0.0
10
557.78691544930325
20
280.04011549561102
10
559.67349418975482
20
279.37617249945771
10
559.3415226769913
20
278.43288308749902
10
557.45494385307393
20
279.09682611302605
0
LWPOLYLINE
5
600
100
AcDbEntity
8
0
100
AcDbPolyline
90
4
70
1
43
0.0
10
680.09255426472646
20
337.88472038148655
10
680.42452586095578
20
338.82800976407162
10
682.31110460140735
20
338.1640667679182
10
681.97913308864383
20
337.22077735595951
0
LWPOLYLINE
5
601
100
AcDbEntity
8
0
100
AcDbPolyline
90
4
70
1
43
0.0
10
664.76285296327001
20
330.53623359792903
10
665.09482455949922
20
331.47952298051399
10
666.9814032999509
20
330.81557998436068
10
666.6494317871875
20
329.87229057240199
0
LWPOLYLINE
5
602
100
AcDbEntity
8
0
100
AcDbPolyline
90
4
70
1
43
0.0
10
849.05124017697835
20
419.66136438320484
10
850.93781891742992
20
418.99742138705153
10
850.60584740466641
20
418.05413197509279
10
848.71926858074903
20
418.71807500061982
0
LWPOLYLINE
5
603
100
AcDbEntity
8
0
100
AcDbPolyline
90
4
70
1
43
0.0
10
605.66259809412452
20
301.42163285013044
10
605.330626581361
20
300.47834343817169
10
603.44404775744363
20
301.14228646369872
10
603.77601935367295
20
302.08557584628369
0
LWPOLYLINE
5
604
100
AcDbEntity
8
0
100
AcDbPolyline
90
4
70
1
43
0.0
10
542.45721414784657
20
272.69162871205344
10
544.34379288829814
20
272.02768571590013
10
544.01182137553474
20
271.08439630394139
10
542.12524255161736
20
271.74833932946848
0
LWPOLYLINE
5
605
100
AcDbEntity
8
0
100
AcDbPolyline
90
4
70
1
43
0.0
10
649.76512325804265
20
324.13103619695647
10
651.65170199849422
20
323.46709320080316
10
651.31973048573059
20
322.5238037888443
10
649.43315166181333
20
323.18774681437139
0
LWPOLYLINE
5
606
100
AcDbEntity
8
0
100
AcDbPolyline
90
4
70
1
43
0.0
10
864.04896988220571
20
426.06656178417734
10
864.38094147843481
20
427.00985116676242
10
866.26752021888649
20
426.34590817060911
10
865.93554870612297
20
425.40261875865036
0
LWPOLYLINE
5
607
100
AcDbEntity
8
0
100
AcDbPolyline
90
4
70
1
43
0.0
10
710.75195686763982
20
352.5816939486017
10
711.08392846386903
20
353.52498333118672
10
712.97050720432048
20
352.86104033503341
10
712.63853569155708
20
351.91775092307466
0
LWPOLYLINE
5
608
100
AcDbEntity
8
0
100
AcDbPolyline
90
4
70
1
43
0.0
10
635.99002918427425
20
315.17531700528684
10
634.10345036035687
20
315.83926003081388
10
634.4354219565862
20
316.7825494133989
10
636.32200069703777
20
316.11860641724553
0
LWPOLYLINE
5
609
100
AcDbEntity
8
0
100
AcDbPolyline
90
4
70
1
43
0.0
10
727.96823699301376
20
359.2662377066323
10
726.08165816909627
20
359.93018073215927
10
726.4136297653256
20
360.87347011474435
10
728.30020850577739
20
360.20952711859093
0
LWPOLYLINE
5
610
100
AcDbEntity
8
0
100
AcDbPolyline
90
4
70
1
43
0.0
10
818.0598659778359
20
404.02110143350467
10
818.39183757406522
20
404.96439081608975
10
820.27841631451679
20
404.30044781993644
10
819.94644480175327
20
403.35715840797769
0
LWPOLYLINE
5
611
100
AcDbEntity
8
0
100
AcDbPolyline
90
4
70
1
43
0.0
10
804.94871501306022
20
396.95196103637886
10
804.61674350029671
20
396.00867162442012
10
802.73016467637933
20
396.67261464994715
10
803.06213627260854
20
397.61590403253217
0
LWPOLYLINE
5
612
100
AcDbEntity
8
0
100
AcDbPolyline
90
4
70
1
43
0.0
10
772.07076207346608
20
381.97564108283194
10
772.40273366969529
20
382.91893046541702
10
774.28931241014709
20
382.25498746926371
10
773.95734089738335
20
381.31169805730497
0
LWPOLYLINE
5
613
100
AcDbEntity
8
0
100
AcDbPolyline
90
4
70
1
43
0.0
10
835.60811761597336
20
411.6489346034939
10
835.27614610320961
20
410.70564519153521
10
833.38956727929246
20
411.36958821706224
10
833.72153887552167
20
412.31287759964732
0
LWPOLYLINE
5
614
100
AcDbEntity
8
0
100
AcDbPolyline
90
4
70
1
43
0.0
10
695.42225556618314
20
345.23320716504418
10
695.75422716241235
20
346.17649654762914
10
697.64080590286403
20
345.51255355147583
10
697.3088343901004
20
344.56926413951714
0
LWPOLYLINE
5
615
100
AcDbEntity
8
0
100
AcDbPolyline
90
4
70
1
43
0.0
10
743.29793829447021
20
366.61472449018987
10
741.41135947055307
20
367.2786675157169
10
741.74333106678216
20
368.22195689830181
10
743.62990980723362
20
367.5580139021485
0
LWPOLYLINE
5
616
100
AcDbEntity
8
0
100
AcDbPolyline
90
4
70
1
43
0.0
10
787.40046337492277
20
389.32412786638957
10
787.73243497115209
20
390.26741724897454
10
789.61901371160366
20
389.60347425282123
10
789.28704219884003
20
388.66018484086254
0
LWPOLYLINE
5
617
100
AcDbEntity
8
0
100
AcDbPolyline
90
4
70
1
43
0.0
10
758.9596111086903
20
374.90650068570608
10
758.62763959592689
20
373.96321127374733
10
756.7410607720094
20
374.62715429927442
10
757.07303236823873
20
375.57044368185939
0
LWPOLYLINE
5
618
100
AcDbEntity
8
0
100
AcDbPolyline
90
4
70
1
43
0.0
10
583.9236629561899
20
305.05632354259438
10
582.02398429544633
20
305.68180014960302
10
582.33672268299574
20
306.63163945230286
10
584.23640125969405
20
306.00616287296617
0
LWPOLYLINE
5
619
100
AcDbEntity
8
0
100
AcDbPolyline
90
4
70
1
43
0.0
10
614.27814069969168
20
320.37316658935993
10
612.3784620389481
20
320.9986431963685
10
612.69120042649774
20
321.9484824990684
10
614.59087900319605
20
321.32300591973171
0
LWPOLYLINE
5
620
100
AcDbEntity
8
0
100
AcDbPolyline
90
4
70
1
43
0.0
10
567.15948381124497
20
298.97321792892018
10
569.05916238794327
20
298.34774134958349
10
568.74642408443879
20
297.39790201921159
10
566.84674542369521
20
298.02337862622016
0
LWPOLYLINE
5
621
100
AcDbEntity
8
0
100
AcDbPolyline
90
4
70
1
43
0.0
10
551.98224493949408
20
291.31479640553738
10
553.88192351619227
20
290.68931982620069
10
553.5691852126879
20
289.73948049582884
10
551.66950655194444
20
290.36495710283748
0
LWPOLYLINE
5
622
100
AcDbEntity
8
0
100
AcDbPolyline
90
4
70
1
43
0.0
10
673.08741752595188
20
351.63232928989953
10
673.40015591350152
20
352.58216859259949
10
675.2998344901996
20
351.95669201326274
10
674.98709618669534
20
351.00685268289101
0
LWPOLYLINE
5
623
100
AcDbEntity
8
0
100
AcDbPolyline
90
4
70
1
43
0.0
10
657.91017865420088
20
343.97390776651685
10
658.22291704175063
20
344.92374706921674
10
660.12259561844871
20
344.29827048988
10
659.80985731494457
20
343.34843115950827
0
LWPOLYLINE
5
624
100
AcDbEntity
8
0
100
AcDbPolyline
90
4
70
1
43
0.0
10
840.34978350276197
20
436.82480534980988
10
842.24946207946005
20
436.19932877047319
10
841.93672377595578
20
435.2494894401014
10
840.03704511521209
20
435.87496604710998
0
LWPOLYLINE
5
625
100
AcDbEntity
8
0
100
AcDbPolyline
90
4
70
1
43
0.0
10
599.41364013144505
20
313.66458439634897
10
599.10090182794067
20
312.71474506597713
10
597.20122316719721
20
313.34022167298576
10
597.51396155474686
20
314.29006097568566
0
LWPOLYLINE
5
626
100
AcDbEntity
8
0
100
AcDbPolyline
90
4
70
1
43
0.0
10
536.80500606774308
20
283.65637488215464
10
538.70468464444127
20
283.03089830281795
10
538.3919463409369
20
282.08105897244604
10
536.49226768019344
20
282.70653557945468
0
LWPOLYLINE
5
627
100
AcDbEntity
8
0
100
AcDbPolyline
90
4
70
1
43
0.0
10
643.04567816999975
20
337.265325545834
10
644.94535674669794
20
336.63984896649731
10
644.63261844319345
20
335.69000963612547
10
642.73293978244976
20
336.31548624313405
0
LWPOLYLINE
5
628
100
AcDbEntity
8
0
100
AcDbPolyline
90
4
70
1
43
0.0
10
855.21428398696298
20
443.53338757049278
10
855.52702237451285
20
444.48322687319268
10
857.42670095121093
20
443.85775029385599
10
857.11396264770667
20
442.9079109634842
0
LWPOLYLINE
5
629
100
AcDbEntity
8
0
100
AcDbPolyline
90
4
70
1
43
0.0
10
703.44189526945365
20
366.94917233666507
10
703.75463365700341
20
367.89901163936509
10
705.65431223370172
20
367.27353506002834
10
705.34157393019746
20
366.32369572965649
0
LWPOLYLINE
5
630
100
AcDbEntity
8
0
100
AcDbPolyline
90
4
70
1
43
0.0
10
629.45537957144256
20
328.03158811274272
10
627.5557009106991
20
328.6570647197513
10
627.86843929824863
20
329.6069040224512
10
629.76811787494694
20
328.98142744311451
0
LWPOLYLINE
5
631
100
AcDbEntity
8
0
100
AcDbPolyline
90
4
70
1
43
0.0
10
720.51881280194834
20
373.98211725303929
10
718.61913414120465
20
374.60759386004787
10
718.93187252875441
20
375.55743316274788
10
720.8315511054526
20
374.93195658341114
0
LWPOLYLINE
5
632
100
AcDbEntity
8
0
100
AcDbPolyline
90
4
70
1
43
0.0
10
809.68256737171032
20
420.55812300034449
10
809.99530575925996
20
421.50796230304445
10
811.89498433595827
20
420.88248572370776
10
811.58224603245401
20
419.93264639333586
0
LWPOLYLINE
5
633
100
AcDbEntity
8
0
100
AcDbPolyline
90
4
70
1
43
0.0
10
796.71774546420716
20
413.22406420032496
10
796.40500716070289
20
412.27422486995317
10
794.50532849995943
20
412.89970147696175
10
794.81806688750908
20
413.84954077966165
0
LWPOLYLINE
5
634
100
AcDbEntity
8
0
100
AcDbPolyline
90
4
70
1
43
0.0
10
764.15085075645732
20
397.58285843019615
10
764.46358914400719
20
398.53269773289611
10
766.36326772070538
20
397.90722115355942
10
766.05052941720101
20
396.95738182318757
0
LWPOLYLINE
5
635
100
AcDbEntity
8
0
100
AcDbPolyline
90
4
70
1
43
0.0
10
827.07222320770916
20
428.54090724709044
10
826.75948490420478
20
427.5910679167186
10
824.85980624346109
20
428.21654452372718
10
825.17254463101085
20
429.16638382642714
0
LWPOLYLINE
5
636
100
AcDbEntity
8
0
100
AcDbPolyline
90
4
70
1
43
0.0
10
688.26465639770277
20
359.29075081328233
10
688.57739478525241
20
360.24059011598229
10
690.4770733619506
20
359.61511353664554
10
690.16433505844634
20
358.66527420627381
0
LWPOLYLINE
5
637
100
AcDbEntity
8
0
100
AcDbPolyline
90
4
70
1
43
0.0
10
735.69605167369923
20
381.64053877642209
10
733.79637301295566
20
382.26601538343067
10
734.1091114005053
20
383.21585468613051
10
736.00878997720338
20
382.59037810679382
0
LWPOLYLINE
5
638
100
AcDbEntity
8
0
100
AcDbPolyline
90
4
70
1
43
0.0
10
779.32808962820843
20
405.24127995357895
10
779.64082801575819
20
406.19111925627885
10
781.54050659245627
20
405.56564267694216
10
781.22776828895201
20
404.61580334657037
0
LWPOLYLINE
5
639
100
AcDbEntity
8
0
100
AcDbPolyline
90
4
70
1
43
0.0
10
751.18602884895438
20
390.24879963017662
10
750.87329054545012
20
389.29896029980483
10
748.97361188470643
20
389.92443690681341
10
749.28635027225619
20
390.87427620951331
0
LWPOLYLINE
5
640
100
AcDbEntity
8
0
100
AcDbPolyline
90
4
70
1
43
0.0
10
577.60534656830112
20
316.85685775947923
10
575.69335229183912
20
317.44360974011153
10
575.98672836674541
20
318.39960685238384
10
577.89872255861712
20
317.81285489771017
0
LWPOLYLINE
5
641
100
AcDbEntity
8
0
100
AcDbPolyline
90
4
70
1
43
0.0
10
607.6423685845914
20
332.78724722091079
10
605.73037430812929
20
333.37399920154303
10
606.02375038303569
20
334.32999631381551
10
607.93574457490752
20
333.74324435914184
0
LWPOLYLINE
5
642
100
AcDbEntity
8
0
100
AcDbPolyline
90
4
70
1
43
0.0
10
560.96821735860033
20
310.43441212166806
10
562.88021155047204
20
309.84766016699444
10
562.58683556015581
20
308.89166302876328
10
560.67484128369381
20
309.47841500939558
0
LWPOLYLINE
5
643
100
AcDbEntity
8
0
100
AcDbPolyline
90
4
70
1
43
0.0
10
545.94970635045513
20
302.46921739095222
10
547.86170054232696
20
301.88246543627861
10
547.56832455201084
20
300.92646829804755
10
545.65633027554873
20
301.51322027867985
0
LWPOLYLINE
5
644
100
AcDbEntity
8
0
100
AcDbPolyline
90
4
70
1
43
0.0
10
665.80441834070984
20
365.23477812440632
10
666.09779441561625
20
366.19077523667875
10
668.00978860748796
20
365.60402328200502
10
667.71641261717173
20
364.64802614377402
0
LWPOLYLINE
5
645
100
AcDbEntity
8
0
100
AcDbPolyline
90
4
70
1
43
0.0
10
650.78590733256476
20
357.26958339369054
10
651.07928340747105
20
358.22558050596291
10
652.99127759934277
20
357.63882855128918
10
652.69790160902676
20
356.6828314130583
0
LWPOLYLINE
5
646
100
AcDbEntity
8
0
100
AcDbPolyline
90
4
70
1
43
0.0
10
831.30141550521284
20
453.80791727455266
10
833.21340969708467
20
453.22116531987899
10
832.92003370676855
20
452.26516818164794
10
831.00803943030655
20
452.85192016228024
0
LWPOLYLINE
5
647
100
AcDbEntity
8
0
100
AcDbPolyline
90
4
70
1
43
0.0
10
592.91723356676232
20
325.778049628426
10
592.6238575764462
20
324.82205249019495
10
590.71186329998409
20
325.40880447082725
10
591.00523937489049
20
326.36480158309962
0
LWPOLYLINE
5
648
100
AcDbEntity
8
0
100
AcDbPolyline
90
4
70
1
43
0.0
10
530.93119534230993
20
294.50402266023639
10
532.84318953418176
20
293.91727070556277
10
532.54981354386564
20
292.96127356733172
10
530.63781926740353
20
293.54802554796402
0
LWPOLYLINE
5
649
100
AcDbEntity
8
0
100
AcDbPolyline
90
4
70
1
43
0.0
10
636.06077239932597
20
350.26038577524719
10
637.9727665911978
20
349.6736338205734
10
637.67939060088156
20
348.71763668234235
10
635.76739632441956
20
349.30438866297465
0
LWPOLYLINE
5
650
100
AcDbEntity
8
0
100
AcDbPolyline
90
4
70
1
43
0.0
10
846.02655043845175
20
460.81711489299607
10
846.31992651335804
20
461.7731120052685
10
848.23192070522987
20
461.18636005059489
10
847.93854471491375
20
460.23036291236383
0
LWPOLYLINE
5
651
100
AcDbEntity
8
0
100
AcDbPolyline
90
4
70
1
43
0.0
10
695.84144035700024
20
381.16516758583799
10
696.13481643190664
20
382.12116469811036
10
698.04681062377836
20
381.53441274343669
10
697.75343463346212
20
380.57841560520563
0
LWPOLYLINE
5
652
100
AcDbEntity
8
0
100
AcDbPolyline
90
4
70
1
43
0.0
10
622.66087959273648
20
340.75244195162662
10
620.74888531627448
20
341.33919393225887
10
621.04226139118089
20
342.29519104453129
10
622.9542555830526
20
341.70843908985762
0
LWPOLYLINE
5
653
100
AcDbEntity
8
0
100
AcDbPolyline
90
4
70
1
43
0.0
10
712.77194564160732
20
388.54361033592147
10
710.85995136514543
20
389.13036231655377
10
711.15332744005173
20
390.0863594288262
10
713.06532163192355
20
389.49960747415253
0
LWPOLYLINE
5
654
100
AcDbEntity
8
0
100
AcDbPolyline
90
4
70
1
43
0.0
10
800.97101741401627
20
436.92153070084873
10
801.26439348892279
20
437.87752781312111
10
803.17638768079451
20
437.29077585844743
10
802.88301169047827
20
436.33477872021638
0
LWPOLYLINE
5
655
100
AcDbEntity
8
0
100
AcDbPolyline
90
4
70
1
43
0.0
10
788.15787667264931
20
429.3255811277316
10
787.86450068233307
20
428.3695839895006
10
785.95250640587108
20
428.95633597013284
10
786.2458824807776
20
429.91233308240533
0
LWPOLYLINE
5
656
100
AcDbEntity
8
0
100
AcDbPolyline
90
4
70
1
43
0.0
10
755.9154843895808
20
413.02594650870117
10
756.2088604644872
20
413.98194362097365
10
758.12085465635892
20
413.39519166629992
10
757.82747866604279
20
412.43919452806892
0
LWPOLYLINE
5
657
100
AcDbEntity
8
0
100
AcDbPolyline
90
4
70
1
43
0.0
10
818.19489868893947
20
445.25597058916321
10
817.90152269862335
20
444.29997345093216
10
815.98952842216136
20
444.88672543156446
10
816.28290449706788
20
445.84272254383683
0
LWPOLYLINE
5
658
100
AcDbEntity
8
0
100
AcDbPolyline
90
4
70
1
43
0.0
10
680.82292934885504
20
373.19997285512216
10
681.11630542376145
20
374.15596996739453
10
683.02829961563316
20
373.56921801272085
10
682.73492362531692
20
372.6132208744898
0
LWPOLYLINE
5
659
100
AcDbEntity
8
0
100
AcDbPolyline
90
4
70
1
43
0.0
10
727.79045664975251
20
396.50880506663731
10
725.87846237329063
20
397.09555704726961
10
726.17183844819681
20
398.05155415954198
10
728.08383264006864
20
397.46480220486831
0
LWPOLYLINE
5
660
100
AcDbEntity
8
0
100
AcDbPolyline
90
4
70
1
43
0.0
10
770.93399539772588
20
420.99114123941706
10
771.2273714726324
20
421.94713835168949
10
773.13936566450411
20
421.36038639701576
10
772.84598967418788
20
420.40438925878476
0
LWPOLYLINE
5
661
100
AcDbEntity
8
0
100
AcDbPolyline
90
4
70
1
43
0.0
10
743.10234364821383
20
405.42999693558414
10
742.8089676578976
20
404.47399979735309
10
740.8969733814356
20
405.06075177798539
10
741.19034945634201
20
406.01674889025782
0
LWPOLYLINE
5
662
100
AcDbEntity
8
0
100
AcDbPolyline
90
4
70
1
43
0.0
10
571.04858442951729
20
328.52658783505257
10
569.12506384254959
20
329.0743729676646
10
569.39895649395567
20
330.03613323691377
10
571.32247699582319
20
329.48834812853642
0
LWPOLYLINE
5
663
100
AcDbEntity
8
0
100
AcDbPolyline
90
4
70
1
43
0.0
10
600.75575090216103
20
345.0639473633035
10
598.83223031519321
20
345.61173249591553
10
599.1061229665994
20
346.57349276516476
10
601.02964346846693
20
346.0257076567874
0
LWPOLYLINE
5
664
100
AcDbEntity
8
0
100
AcDbPolyline
90
4
70
1
43
0.0
10
554.54537325763386
20
321.7674534727883
10
556.46889375950138
20
321.21966836441095
10
556.19500119319537
20
320.25790807092699
10
554.27148060622756
20
320.80569320353902
0
LWPOLYLINE
5
665
100
AcDbEntity
8
0
100
AcDbPolyline
90
4
70
1
43
0.0
10
539.69179002131204
20
313.49877370866284
10
541.61531052317957
20
312.95098860028543
10
541.34141795687356
20
311.98922830680158
10
539.41789736990575
20
312.53701343941361
0
LWPOLYLINE
5
666
100
AcDbEntity
8
0
100
AcDbPolyline
90
4
70
1
43
0.0
10
658.24656326048068
20
378.68645155241745
10
658.52045591188687
20
379.64821182166668
10
660.4439764137544
20
379.10042671328932
10
660.17008384744827
20
378.13866641980542
0
LWPOLYLINE
5
667
100
AcDbEntity
8
0
100
AcDbPolyline
90
4
70
1
43
0.0
10
643.39298002415899
20
370.41777178829199
10
643.66687267556495
20
371.37953205754116
10
645.59039317743259
20
370.8317469491638
10
645.31650061112657
20
369.86998665567995
0
LWPOLYLINE
5
668
100
AcDbEntity
8
0
100
AcDbPolyline
90
4
70
1
43
0.0
10
821.90987151142735
20
470.60368922704697
10
823.83339201329488
20
470.05590411866962
10
823.55949944698875
20
469.09414382518571
10
821.63597886002117
20
469.64192895779775
0
LWPOLYLINE
5
669
100
AcDbEntity
8
0
100
AcDbPolyline
90
4
70
1
43
0.0
10
586.17606023214512
20
337.75702789266188
10
585.9021676658391
20
336.79526759917798
10
583.9786470788714
20
337.34305273179007
10
584.25253973027748
20
338.30481300103929
0
LWPOLYLINE
5
670
100
AcDbEntity
8
0
100
AcDbPolyline
90
4
70
1
43
0.0
10
524.83820678499012
20
305.23009394453732
10
526.76172728685765
20
304.68230883615996
10
526.48783472055163
20
303.72054854267611
10
524.56431413358393
20
304.26833367528809
0
LWPOLYLINE
5
671
100
AcDbEntity
8
0
100
AcDbPolyline
90
4
70
1
43
0.0
10
628.81328943924314
20
363.1108522934158
10
630.73680994111078
20
362.56306718503834
10
630.46291737480465
20
361.60130689155443
10
628.53939678783695
20
362.14909202416652
0
LWPOLYLINE
5
672
100
AcDbEntity
8
0
100
AcDbPolyline
90
4
70
1
43
0.0
10
836.48956209634309
20
477.91060872192327
10
836.76345474774917
20
478.87236899117249
10
838.68697524961681
20
478.32458388279514
10
838.41308268331068
20
477.36282358931123
0
LWPOLYLINE
5
673
100
AcDbEntity
8
0
100
AcDbPolyline
90
4
70
1
43
0.0
10
687.95372973312453
20
395.22381108066844
10
688.2276223845306
20
396.18557134991767
10
690.15114288639825
20
395.63778624154031
10
689.87725032009212
20
394.67602594805641
0
LWPOLYLINE
5
674
100
AcDbEntity
8
0
100
AcDbPolyline
90
4
70
1
43
0.0
10
615.60933413848284
20
353.33262712742902
10
613.68581355151514
20
353.88041226004106
10
613.95970620292132
20
354.84217252929028
10
615.88322670478885
20
354.29438742091293
0
LWPOLYLINE
5
675
100
AcDbEntity
8
0
100
AcDbPolyline
90
4
70
1
43
0.0
10
704.73083355641393
20
402.94470571218193
10
702.80731296944634
20
403.49249084479396
10
703.08120562085253
20
404.45425111404319
10
705.00472612272006
20
403.90646600566583
0
LWPOLYLINE
5
676
100
AcDbEntity
8
0
100
AcDbPolyline
90
4
70
1
43
0.0
10
791.92881238737755
20
453.10456942954687
10
792.20270503878373
20
454.0663296987961
10
794.12622554065126
20
453.51854459041868
10
793.85233297434513
20
452.55678429693484
0
LWPOLYLINE
5
677
100
AcDbEntity
8
0
100
AcDbPolyline
90
4
70
1
43
0.0
10
779.27264230432934
20
445.24986482629322
10
778.99874973802321
20
444.28810453280931
10
777.07522915105574
20
444.83588966542135
10
777.34912180246181
20
445.79764993467057
0
LWPOLYLINE
5
678
100
AcDbEntity
8
0
100
AcDbPolyline
90
4
70
1
43
0.0
10
747.36806267841189
20
428.29853013717036
10
747.64195532981807
20
429.26029040641959
10
749.5654758316856
20
428.71250529804223
10
749.29158326537947
20
427.75074500455833
0
LWPOLYLINE
5
679
100
AcDbEntity
8
0
100
AcDbPolyline
90
4
70
1
43
0.0
10
808.97980877697307
20
461.78722435454409
10
808.70591621066694
20
460.82546406106019
10
806.78239562369924
20
461.37324919367234
10
807.05628827510532
20
462.33500946292156
0
LWPOLYLINE
5
680
100
AcDbEntity
8
0
100
AcDbPolyline
90
4
70
1
43
0.0
10
673.10014649680261
20
386.95513131654297
10
673.37403914820868
20
387.9168915857922
10
675.29755965007644
20
387.36910647741479
10
675.02366708377031
20
386.40734618393088
0
LWPOLYLINE
5
681
100
AcDbEntity
8
0
100
AcDbPolyline
90
4
70
1
43
0.0
10
719.58441679273596
20
411.21338547630734
10
717.66089620576827
20
411.76117060891949
10
717.93478885717423
20
412.72293087816865
10
719.85830935904187
20
412.17514576979119
0
LWPOLYLINE
5
682
100
AcDbEntity
8
0
100
AcDbPolyline
90
4
70
1
43
0.0
10
762.2216459147337
20
436.56720990129588
10
762.49553856613989
20
437.52897017054511
10
764.41905906800753
20
436.9811850621677
10
764.1451665017014
20
436.01942476868379
0
LWPOLYLINE
5
683
100
AcDbEntity
8
0
100
AcDbPolyline
90
4
70
1
43
0.0
10
734.71189259536368
20
420.44382553391671
10
734.43800002905755
20
419.4820652404328
10
732.51447944209008
20
420.02985037304484
10
732.78837209349615
20
420.99161064229406
0
LWPOLYLINE
5
684
100
AcDbEntity
8
0
100
AcDbPolyline
90
4
70
1
43
0.0
10
564.25608328776048
20
340.06069629737271
10
562.32183045376564
20
340.56928844652782
10
562.57612661391795
20
341.53641484102451
10
564.51037936233786
20
341.02782271437007
0
LWPOLYLINE
5
685
100
AcDbEntity
8
0
100
AcDbPolyline
90
4
70
1
43
0.0
10
593.62113057055228
20
357.19819897656697
10
591.68687773655745
20
357.70679112572202
10
591.94117389670987
20
358.67391752021888
10
593.87542664512989
20
358.16532539356444
0
LWPOLYLINE
5
686
100
AcDbEntity
8
0
100
AcDbPolyline
90
4
70
1
43
0.0
10
547.8936029725221
20
332.96766350142741
10
549.82785572094201
20
332.45907137477298
10
549.5735596463644
20
331.49194495777544
10
547.63930681236945
20
332.00053710693055
0
LWPOLYLINE
5
687
100
AcDbEntity
8
0
100
AcDbPolyline
90
4
70
1
43
0.0
10
533.21107933112603
20
324.3989121618302
10
535.14533207954605
20
323.89032003517576
10
534.89103600496844
20
322.92319361817829
10
532.95678317097349
20
323.43178576733345
0
LWPOLYLINE
5
688
100
AcDbEntity
8
0
100
AcDbPolyline
90
4
70
1
43
0.0
10
650.4169723021414
20
391.9817964841107
10
650.67126846229382
20
392.9489228786075
10
652.60552121071373
20
392.44033075195313
10
652.35122513613624
20
391.47320433495565
0
LWPOLYLINE
5
689
100
AcDbEntity
8
0
100
AcDbPolyline
90
4
70
1
43
0.0
10
635.73444866074544
20
383.4130451445136
10
635.98874482089786
20
384.38017153901029
10
637.92299756931777
20
383.87157941235591
10
637.66870149474039
20
382.90445299535855
0
LWPOLYLINE
5
690
100
AcDbEntity
8
0
100
AcDbPolyline
90
4
70
1
43
0.0
10
812.17902851764961
20
487.20518761417628
10
814.11328126606941
20
486.69659548752185
10
813.85898519149191
20
485.72946907052437
10
811.92473235749719
20
486.23806121967954
0
LWPOLYLINE
5
691
100
AcDbEntity
8
0
100
AcDbPolyline
90
4
70
1
43
0.0
10
579.19290300373393
20
349.59657405396729
10
578.93860692915632
20
348.62944763696981
10
577.00435409516149
20
349.13803978612492
10
577.25865025531402
20
350.10516618062172
0
LWPOLYLINE
5
692
100
AcDbEntity
8
0
100
AcDbPolyline
90
4
70
1
43
0.0
10
518.52855568973007
20
315.83016082223298
10
520.46280843814998
20
315.32156869557861
10
520.20851236357248
20
314.35444227858113
10
518.27425952957753
20
314.86303442773624
0
LWPOLYLINE
5
693
100
AcDbEntity
8
0
100
AcDbPolyline
90
4
70
1
43
0.0
10
621.30622117950202
20
375.81142019941319
10
623.24047392792193
20
375.30282807275881
10
622.9861778533442
20
374.33570165576128
10
621.05192501934926
20
374.84429380491633
0
LWPOLYLINE
5
694
100
AcDbEntity
8
0
100
AcDbPolyline
90
4
70
1
43
0.0
10
826.60725599889315
20
494.80681255927669
10
826.86155215904569
20
495.7739389537735
10
828.79580490746548
20
495.26534682711906
10
828.54150883288798
20
494.29822041012159
0
LWPOLYLINE
5
695
100
AcDbEntity
8
0
100
AcDbPolyline
90
4
70
1
43
0.0
10
679.78201958493344
20
409.11929916330507
10
680.03631574508586
20
410.08642555780182
10
681.97056849350577
20
409.57783343114738
10
681.71627241892816
20
408.61070701414997
0
LWPOLYLINE
5
696
100
AcDbEntity
8
0
100
AcDbPolyline
90
4
70
1
43
0.0
10
608.30365421194836
20
365.76695031616418
10
606.36940137795341
20
366.27554246531923
10
606.62369753810594
20
367.24266885981598
10
608.55795028652585
20
366.7340767331616
0
LWPOLYLINE
5
697
100
AcDbEntity
8
0
100
AcDbPolyline
90
4
70
1
43
0.0
10
696.39879606032412
20
417.17945835374712
10
694.4645432263294
20
417.68805050290223
10
694.71883938648193
20
418.65517689739903
10
696.65309213490173
20
418.1465847707446
0
LWPOLYLINE
5
698
100
AcDbEntity
8
0
100
AcDbPolyline
90
4
70
1
43
0.0
10
782.55968507470527
20
469.10055854048522
10
782.81398123485769
20
470.06768493498203
10
784.7482339832776
20
469.55909280832765
10
784.49393790869999
20
468.59196639133017
0
LWPOLYLINE
5
699
100
AcDbEntity
8
0
100
AcDbPolyline
90
4
70
1
43
0.0
10
770.06571034188153
20
460.99034146873043
10
769.81141426730403
20
460.02321505173302
10
767.87716143330931
20
460.53180720088801
10
768.13145759346173
20
461.49893359538481
0
LWPOLYLINE
5
700
100
AcDbEntity
8
0
100
AcDbPolyline
90
4
70
1
43
0.0
10
738.51211415051716
20
443.3943045216937
10
738.7664103106697
20
444.36143091619044
10
740.70066305908949
20
443.85283878953607
10
740.446366984512
20
442.88571237253859
0
LWPOLYLINE
5
701
100
AcDbEntity
8
0
100
AcDbPolyline
90
4
70
1
43
0.0
10
799.43075762467345
20
478.12784414792469
10
799.17646155009595
20
477.16071773092722
10
797.24220871610112
20
477.66930988008232
10
797.49650487625354
20
478.63643627457913
0
LWPOLYLINE
5
702
100
AcDbEntity
8
0
100
AcDbPolyline
90
4
70
1
43
0.0
10
665.09949594353748
20
400.55054782370792
10
665.3537921036899
20
401.51767421820466
10
667.28804485210969
20
401.00908209155023
10
667.0337487775322
20
400.04195567455275
0
LWPOLYLINE
5
703
100
AcDbEntity
8
0
100
AcDbPolyline
90
4
70
1
43
0.0
10
711.08131970172008
20
425.74820969334434
10
709.14706686772547
20
426.25680184249939
10
709.40136302787778
20
427.22392823699613
10
711.33561577629757
20
426.7153361103417
0
LWPOLYLINE
5
704
100
AcDbEntity
8
0
100
AcDbPolyline
90
4
70
1
43
0.0
10
753.19463779191324
20
451.96305586129085
10
753.44893395206566
20
452.9301822557876
10
755.38318670048557
20
452.42159012913328
10
755.12889062590807
20
451.45446371213581
0
LWPOLYLINE
5
705
100
AcDbEntity
8
0
100
AcDbPolyline
90
4
70
1
43
0.0
10
726.01813941769365
20
435.28408744993891
10
725.76384334311592
20
434.31696103294144
10
723.82959050912132
20
434.82555318209648
10
724.08388666927385
20
435.79267957659334
0
LWPOLYLINE
5
706
100
AcDbEntity
8
0
100
AcDbPolyline
90
4
70
1
43
0.0
10
557.2306472082023
20
351.45442166150934
10
555.28646062112114
20
351.92361087133088
10
555.5210553120462
20
352.89570414411401
10
557.46524181311293
20
352.42651495504992
0
LWPOLYLINE
5
707
100
AcDbEntity
8
0
100
AcDbPolyline
90
4
70
1
43
0.0
10
586.24145288781813
20
369.18499282601402
10
584.29726630073696
20
369.65418203583545
10
584.53186099166214
20
370.62627530861869
10
586.47604749272887
20
370.15708611955466
0
LWPOLYLINE
5
708
100
AcDbEntity
8
0
100
AcDbPolyline
90
4
70
1
43
0.0
10
541.01565247223834
20
344.03041856186172
10
542.95983897330507
20
343.56122937279764
10
542.72524436839421
20
342.58913607925695
10
540.78105778131305
20
343.05832528907843
0
LWPOLYLINE
5
709
100
AcDbEntity
8
0
100
AcDbPolyline
90
4
70
1
43
0.0
10
526.51024963243026
20
335.16513297960933
10
528.4544361334971
20
334.69594379054536
10
528.21984152858636
20
333.72385049700472
10
526.27565494150519
20
334.19303970682614
0
LWPOLYLINE
5
710
100
AcDbEntity
8
0
100
AcDbPolyline
90
4
70
1
43
0.0
10
642.31887765996873
20
405.11532436484481
10
642.55347235089391
20
406.08741763762799
10
644.49765885196075
20
405.61822844856403
10
644.2630642470499
20
404.64613515502333
0
LWPOLYLINE
5
711
100
AcDbEntity
8
0
100
AcDbPolyline
90
4
70
1
43
0.0
10
627.81347482016088
20
396.25003878259258
10
628.04806951108594
20
397.22213205537565
10
629.99225601215267
20
396.75294286631163
10
629.75766140724215
20
395.78084957277105
0
LWPOLYLINE
5
712
100
AcDbEntity
8
0
100
AcDbPolyline
90
4
70
1
43
0.0
10
802.11290358878148
20
503.6055590424038
10
804.05709008984832
20
503.13636985333972
10
803.82249548493746
20
502.16427655979908
10
801.8783088978563
20
502.63346576962056
0
LWPOLYLINE
5
713
100
AcDbEntity
8
0
100
AcDbPolyline
90
4
70
1
43
0.0
10
571.9706446529209
20
361.29180053730232
10
571.73605004801016
20
360.31970724376163
10
569.79186346092899
20
360.78889645358311
10
570.02645815185406
20
361.76098972636629
0
LWPOLYLINE
5
714
100
AcDbEntity
8
0
100
AcDbPolyline
90
4
70
1
43
0.0
10
512.00484679262229
20
326.29984739735698
10
513.94903329368913
20
325.83065820829296
10
513.71443868877827
20
324.85856491475232
10
511.77025210169717
20
325.32775412457374
0
LWPOLYLINE
5
715
100
AcDbEntity
8
0
100
AcDbPolyline
90
4
70
1
43
0.0
10
613.54266667127808
20
388.35684647312343
10
615.48685317234481
20
387.88765728405934
10
615.25225856743396
20
386.91556399051865
10
613.30807198035279
20
387.38475320034013
0
LWPOLYLINE
5
716
100
AcDbEntity
8
0
100
AcDbPolyline
90
4
70
1
43
0.0
10
816.38371173766427
20
511.49875135187295
10
816.61830642858945
20
512.47084462465614
10
818.56249292965629
20
512.00165543559206
10
818.32789832474543
20
511.02956214205142
0
LWPOLYLINE
5
717
100
AcDbEntity
8
0
100
AcDbPolyline
90
4
70
1
43
0.0
10
671.32968333958479
20
422.84589552934955
10
671.56427803050985
20
423.81798880213273
10
673.50846453157669
20
423.34879961306865
10
673.27386992666584
20
422.37670631952801
0
LWPOLYLINE
5
718
100
AcDbEntity
8
0
100
AcDbPolyline
90
4
70
1
43
0.0
10
600.7468557276261
20
378.05027840826642
10
598.80266914054494
20
378.51946761808784
10
599.03726383147011
20
379.49156089087103
10
600.98145033253684
20
379.02237170180706
0
LWPOLYLINE
5
719
100
AcDbEntity
8
0
100
AcDbPolyline
90
4
70
1
43
0.0
10
687.77927276647392
20
431.24199190178041
10
685.83508617939265
20
431.71118111160189
10
686.06968087031771
20
432.68327438438513
10
688.01386737138455
20
432.21408519532105
0
LWPOLYLINE
5
720
100
AcDbEntity
8
0
100
AcDbPolyline
90
4
70
1
43
0.0
10
772.86750321824047
20
484.90289460511588
10
773.10209790916565
20
485.87498787789912
10
775.04628441023237
20
485.40579868883515
10
774.81168980532163
20
484.43370539529445
0
LWPOLYLINE
5
721
100
AcDbEntity
8
0
100
AcDbPolyline
90
4
70
1
43
0.0
10
760.5408815704244
20
476.54051310658275
10
760.30628696551378
20
475.56841981304211
10
758.36210037843239
20
476.03760902286359
10
758.59669506935757
20
477.00970229564678
0
LWPOLYLINE
5
722
100
AcDbEntity
8
0
100
AcDbPolyline
90
4
70
1
43
0.0
10
729.35129469881645
20
458.30703785835885
10
729.58588938974162
20
459.27913113114209
10
731.53007589080846
20
458.80994194207801
10
731.29548128589772
20
457.83784864853743
0
LWPOLYLINE
5
723
100
AcDbEntity
8
0
100
AcDbPolyline
90
4
70
1
43
0.0
10
789.55168725004023
20
494.27108427108743
10
789.31709264512961
20
493.29899097754674
10
787.37290605804833
20
493.76818018736822
10
787.60750074897351
20
494.7402734601514
0
LWPOLYLINE
5
724
100
AcDbEntity
8
0
100
AcDbPolyline
90
4
70
1
43
0.0
10
656.82428049977671
20
413.98060994709715
10
657.05887519070188
20
414.95270321988039
10
659.00306169176872
20
414.48351403081637
10
658.76846708685787
20
413.51142073727573
0
LWPOLYLINE
5
725
100
AcDbEntity
8
0
100
AcDbPolyline
90
4
70
1
43
0.0
10
702.28467560628189
20
440.10727748403275
10
700.34048901920062
20
440.57646669385417
10
700.57508371012557
20
441.54855996663736
10
702.51927021119263
20
441.07937077757333
0
LWPOLYLINE
5
726
100
AcDbEntity
8
0
100
AcDbPolyline
90
4
70
1
43
0.0
10
743.85669753862442
20
467.17232344061125
10
744.09129222954959
20
468.14441671339443
10
746.03547873061643
20
467.67522752433035
10
745.80088412570581
20
466.70313423078971
0
LWPOLYLINE
5
727
100
AcDbEntity
8
0
100
AcDbPolyline
90
4
70
1
43
0.0
10
717.02467305100049
20
449.94465635982573
10
716.79007844608975
20
448.97256306628503
10
714.84589185900847
20
449.44175227610651
10
715.08048654993354
20
450.4138455488897
0
LWPOLYLINE
5
728
100
AcDbEntity
8
0
100
AcDbPolyline
90
4
70
1
43
0.0
10
549.97517641569561
20
362.70306039517027
10
548.0218586702988
20
363.13265297601498
10
548.23665504713938
20
364.10931182970774
10
550.18997270611794
20
363.67971926786868
0
LWPOLYLINE
5
729
100
AcDbEntity
8
0
100
AcDbPolyline
90
4
70
1
43
0.0
10
578.61976431603966
20
381.01938055014284
10
576.66644657064285
20
381.44897313098761
10
576.88124294748354
20
382.42563198468042
10
578.83456060646211
20
381.99603942284136
0
LWPOLYLINE
5
730
100
AcDbEntity
8
0
100
AcDbPolyline
90
4
70
1
43
0.0
10
533.91436109696747
20
354.95115175222145
10
535.86767875594592
20
354.52155919038239
10
535.65288246552336
20
353.54490031768376
10
533.69956472012655
20
353.97449289852852
0
LWPOLYLINE
5
731
100
AcDbEntity
8
0
100
AcDbPolyline
90
4
70
1
43
0.0
10
519.59206714679533
20
345.79299167473505
10
521.54538480577389
20
345.36339911289599
10
521.33058851535145
20
344.38674024019747
10
519.37727076995452
20
344.81633282104218
0
LWPOLYLINE
5
732
100
AcDbEntity
8
0
100
AcDbPolyline
90
4
70
1
43
0.0
10
633.95562237133106
20
418.08161344093293
10
634.17041874817176
20
419.05827229462579
10
636.12373640715032
20
418.62867973278674
10
635.90894011672799
20
417.65202086008821
0
LWPOLYLINE
5
733
100
AcDbEntity
8
0
100
AcDbPolyline
90
4
70
1
43
0.0
10
619.63332842115915
20
408.9234533634467
10
619.84812479799973
20
409.90011221713939
10
621.80144245697829
20
409.47051965530034
10
621.58664616655597
20
408.49386078260193
0
LWPOLYLINE
5
734
100
AcDbEntity
8
0
100
AcDbPolyline
90
4
70
1
43
0.0
10
791.7156522000646
20
519.79803314697551
10
793.66896985904305
20
519.36844058513645
10
793.45417356862072
20
518.39178171243805
10
791.50085582322379
20
518.8213742932827
0
LWPOLYLINE
5
735
100
AcDbEntity
8
0
100
AcDbPolyline
90
4
70
1
43
0.0
10
564.51226665628997
20
372.83787934535502
10
564.29747036586764
20
371.8612204726565
10
562.34415262047071
20
372.29081305350121
10
562.55894899731152
20
373.26747190719408
0
LWPOLYLINE
5
736
100
AcDbEntity
8
0
100
AcDbPolyline
90
4
70
1
43
0.0
10
505.26977319662319
20
336.63483159724871
10
507.22309085560175
20
336.20523903540965
10
507.00829456517937
20
335.22858016271118
10
505.0549768197825
20
335.65817274355589
0
LWPOLYLINE
5
737
100
AcDbEntity
8
0
100
AcDbPolyline
90
4
70
1
43
0.0
10
605.52583084782771
20
400.74195213965316
10
607.47914850680627
20
400.31235957781411
10
607.26435221638371
20
399.33570070511553
10
605.3110344709869
20
399.76529328596024
0
LWPOLYLINE
5
738
100
AcDbEntity
8
0
100
AcDbPolyline
90
4
70
1
43
0.0
10
805.82314977339593
20
527.9795343707691
10
806.03794615023662
20
528.95619322446191
10
807.99126380921518
20
528.52660066262285
10
807.77646751879274
20
527.54994178992445
0
LWPOLYLINE
5
739
100
AcDbEntity
8
0
100
AcDbPolyline
90
4
70
1
43
0.0
10
662.60021027167522
20
436.39793359590561
10
662.81500664851592
20
437.37459244959848
10
664.76832430749459
20
436.94499988775942
10
664.55352801707204
20
435.96834101506096
0
LWPOLYLINE
5
740
100
AcDbEntity
8
0
100
AcDbPolyline
90
4
70
1
43
0.0
10
592.9420582662118
20
390.17754062762924
10
590.98874052081487
20
390.6071332084739
10
591.20353689765568
20
391.58379206216682
10
593.15685455663424
20
391.15419950032776
0
LWPOLYLINE
5
741
100
AcDbEntity
8
0
100
AcDbPolyline
90
4
70
1
43
0.0
10
678.87582196724429
20
445.1265010925473
10
676.92250422184725
20
445.55609367339201
10
677.13730059868806
20
446.53275252708488
10
679.09061825766662
20
446.10315996524582
0
LWPOLYLINE
5
742
100
AcDbEntity
8
0
100
AcDbPolyline
90
4
70
1
43
0.0
10
762.85626792287974
20
500.50505413831013
10
763.07106429972055
20
501.48171299200294
10
765.024381958699
20
501.05212043016388
10
764.80958566827667
20
500.07546155746536
0
LWPOLYLINE
5
743
100
AcDbEntity
8
0
100
AcDbPolyline
90
4
70
1
43
0.0
10
750.70208800852697
20
491.89396035267754
10
750.48729171810453
20
490.91730147997902
10
748.53397397270771
20
491.34689406082373
10
748.74877034954829
20
492.3235529145166
0
LWPOLYLINE
5
744
100
AcDbEntity
8
0
100
AcDbPolyline
90
4
70
1
43
0.0
10
719.88938607236355
20
473.03057390585104
10
720.10418244920413
20
474.00723275954385
10
722.05750010818281
20
473.5776401977048
10
721.84270381776037
20
472.60098132500627
0
LWPOLYLINE
5
745
100
AcDbEntity
8
0
100
AcDbPolyline
90
4
70
1
43
0.0
10
779.34667590887102
20
510.21028050765017
10
779.13187961844858
20
509.23362163495165
10
777.17856187305176
20
509.66321421579636
10
777.39335824989234
20
510.63987306948923
0
LWPOLYLINE
5
746
100
AcDbEntity
8
0
100
AcDbPolyline
90
4
70
1
43
0.0
10
648.27791632150308
20
427.23977351841933
10
648.49271269834389
20
428.21643237211214
10
650.44603035732234
20
427.78683981027308
10
650.23123406690002
20
426.81018093757461
0
LWPOLYLINE
5
747
100
AcDbEntity
8
0
100
AcDbPolyline
90
4
70
1
43
0.0
10
693.19811591741632
20
454.2846611700337
10
691.2447981720195
20
454.71425375087841
10
691.45959454885997
20
455.69091260457117
10
693.41291220783864
20
455.26132004273211
0
LWPOLYLINE
5
748
100
AcDbEntity
8
0
100
AcDbPolyline
90
4
70
1
43
0.0
10
734.21168002253557
20
482.18873398333733
10
734.42647639937627
20
483.16539283703025
10
736.37979405835483
20
482.7358002751912
10
736.1649977679325
20
481.75914140249267
0
LWPOLYLINE
5
749
100
AcDbEntity
8
0
100
AcDbPolyline
90
4
70
1
43
0.0
10
707.73520615801067
20
464.41948012021845
10
707.52040986758834
20
463.44282124751993
10
705.5670921221913
20
463.87241382836464
10
705.78188849903211
20
464.84907268205751
0
LWPOLYLINE
5
750
100
AcDbEntity
8
0
100
AcDbPolyline
90
4
70
1
43
0.0
10
542.49266609751078
20
373.80196886040164
10
540.53102355807312
20
374.19178746881857
10
540.72593294906812
20
375.17260872129145
10
542.68757540171907
20
374.78279013012047
0
LWPOLYLINE
5
751
100
AcDbEntity
8
0
100
AcDbPolyline
90
4
70
1
43
0.0
10
570.75921122369414
20
392.69647670340817
10
568.79756868425648
20
393.08629531182504
10
568.9924780752516
20
394.06711656429798
10
570.95412052790255
20
393.67729797312705
0
LWPOLYLINE
5
752
100
AcDbEntity
8
0
100
AcDbPolyline
90
4
70
1
43
0.0
10
526.59266038597661
20
365.72535479978819
10
528.55430283862756
20
365.33553620861721
10
528.35939353441893
20
364.35471493889827
10
526.39775099498127
20
364.7445335473152
0
LWPOLYLINE
5
753
100
AcDbEntity
8
0
100
AcDbPolyline
90
4
70
1
43
0.0
10
512.45938782288488
20
356.27810087828493
10
514.42103027553583
20
355.88828228711401
10
514.2261209713273
20
354.90746101739512
10
512.26447843188964
20
355.297279625812
0
LWPOLYLINE
5
754
100
AcDbEntity
8
0
100
AcDbPolyline
90
4
70
1
43
0.0
10
625.33065893662331
20
430.87531099783808
10
625.52556832761854
20
431.85613225031102
10
627.48721078026949
20
431.4663136591401
10
627.29230147606108
20
430.48549238942121
0
LWPOLYLINE
5
755
100
AcDbEntity
8
0
100
AcDbPolyline
90
4
70
1
43
0.0
10
611.19738637353169
20
421.42805707633494
10
611.39229576452681
20
422.40887832880776
10
613.35393821717776
20
422.01905973763678
10
613.15902891296946
20
421.03823846791806
0
LWPOLYLINE
5
756
100
AcDbEntity
8
0
100
AcDbPolyline
90
4
70
1
43
0.0
10
780.99156652162742
20
535.77592538684701
10
782.95320897427837
20
535.38610679567614
10
782.75829967006996
20
534.4052855259572
10
780.79665713063218
20
534.79510413437413
0
LWPOLYLINE
5
757
100
AcDbEntity
8
0
100
AcDbPolyline
90
4
70
1
43
0.0
10
556.82084796481081
20
384.23004405162374
10
556.6259386606024
20
383.24922278190485
10
554.66429612116474
20
383.63904139032178
10
554.85920551215986
20
384.61986264279466
0
LWPOLYLINE
5
758
100
AcDbEntity
8
0
100
AcDbPolyline
90
4
70
1
43
0.0
10
498.32611525979308
20
346.83084695678161
10
500.28775771244403
20
346.44102836561069
10
500.09284840823562
20
345.4602070958918
10
498.13120586879791
20
345.85002570430873
0
LWPOLYLINE
5
759
100
AcDbEntity
8
0
100
AcDbPolyline
90
4
70
1
43
0.0
10
597.25902320143518
20
412.96162440730456
10
599.22066565408602
20
412.57180581613363
10
599.02575634987761
20
411.59098454641469
10
597.06411381043984
20
411.98080315483151
0
LWPOLYLINE
5
760
100
AcDbEntity
8
0
100
AcDbPolyline
90
4
70
1
43
0.0
10
794.92992969372392
20
544.24235805587739
10
795.12483908471927
20
545.22317930835027
10
797.08648153737022
20
544.8333607171794
10
796.8915722331617
20
543.85253944746046
0
LWPOLYLINE
5
761
100
AcDbEntity
8
0
100
AcDbPolyline
90
4
70
1
43
0.0
10
653.5972040628069
20
449.76981884084466
10
653.79211345380202
20
450.7506400933176
10
655.75375590645297
20
450.36082150214668
10
655.55884660224456
20
449.38000023242779
0
LWPOLYLINE
5
762
100
AcDbEntity
8
0
100
AcDbPolyline
90
4
70
1
43
0.0
10
584.89248378678587
20
402.14373062491143
10
582.93084124734821
20
402.53354923332836
10
583.12575063834333
20
403.51437048580129
10
585.08739309099428
20
403.12455189463032
0
LWPOLYLINE
5
763
100
AcDbEntity
8
0
100
AcDbPolyline
90
4
70
1
43
0.0
10
669.69211916533618
20
458.82725415393111
10
667.73047662589863
20
459.21707276234798
10
667.92538601689375
20
460.19789401482092
10
669.8870284695447
20
459.80807542364994
0
LWPOLYLINE
5
764
100
AcDbEntity
8
0
100
AcDbPolyline
90
4
70
1
43
0.0
10
752.53011200444894
20
515.90059629136761
10
752.72502139544395
20
516.8814175438406
10
754.68666384809512
20
516.49159895266962
10
754.49175454388649
20
515.51077768295067
0
LWPOLYLINE
5
765
100
AcDbEntity
8
0
100
AcDbPolyline
90
4
70
1
43
0.0
10
740.55339128500339
20
507.0443450311663
10
740.35848198079475
20
506.06352376144741
10
738.39683944135709
20
506.45334236986434
10
738.59174883235232
20
507.43416362233722
0
LWPOLYLINE
5
766
100
AcDbEntity
8
0
100
AcDbPolyline
90
4
70
1
43
0.0
10
710.13029431517361
20
487.55883452685771
10
710.32520370616885
20
488.5396557793307
10
712.28684615881991
20
488.14983718815972
10
712.09193685461128
20
487.16901591844083
0
LWPOLYLINE
5
767
100
AcDbEntity
8
0
100
AcDbPolyline
90
4
70
1
43
0.0
10
768.81993641118675
20
525.93885287417277
10
768.62502710697822
20
524.95803160445394
10
766.66338456754045
20
525.34785021287075
10
766.8582939585358
20
526.32867146534375
0
LWPOLYLINE
5
768
100
AcDbEntity
8
0
100
AcDbPolyline
90
4
70
1
43
0.0
10
639.46393149971516
20
440.3225649193414
10
639.65884089071028
20
441.3033861718144
10
641.62048334336123
20
440.91356758064336
10
641.42557403915271
20
439.93274631092447
0
LWPOLYLINE
5
769
100
AcDbEntity
8
0
100
AcDbPolyline
90
4
70
1
43
0.0
10
683.82539172842803
20
468.27450807543437
10
681.86374918899037
20
468.66432668385124
10
682.05865857998538
20
469.64514793632412
10
684.02030103263644
20
469.2553293451532
0
LWPOLYLINE
5
770
100
AcDbEntity
8
0
100
AcDbPolyline
90
4
70
1
43
0.0
10
724.26356687826546
20
497.00608844836103
10
724.45847626926047
20
497.98690970083396
10
726.42011872191165
20
497.59709110966298
10
726.22520941770301
20
496.61626983994415
0
LWPOLYLINE
5
771
100
AcDbEntity
8
0
100
AcDbPolyline
90
4
70
1
43
0.0
10
698.15357359572818
20
478.7025832666564
10
697.95866429151954
20
477.72176199693752
10
695.99702175208199
20
478.11158060535445
10
696.191931143077
20
479.09240185782744
0
LWPOLYLINE
5
772
100
AcDbEntity
8
0
100
AcDbPolyline
90
4
70
1
43
0.0
10
534.7862051668684
20
384.74656523056609
10
532.81704763428797
20
385.09644894250664
10
532.99198957737735
20
386.08102769331765
10
534.96114702283853
20
385.73114399685613
0
LWPOLYLINE
5
773
100
AcDbEntity
8
0
100
AcDbPolyline
90
4
70
1
43
0.0
10
562.66303858677702
20
404.21146077302046
10
560.69388105419659
20
404.56134448496101
10
560.86882299728609
20
405.54592323577208
10
562.83798044274727
20
405.19603953931068
0
LWPOLYLINE
5
774
100
AcDbEntity
8
0
100
AcDbPolyline
90
4
70
1
43
0.0
10
519.0535728674231
20
376.34857992209049
10
521.02273031288428
20
375.99869622562898
10
520.84778845691392
20
375.01411745933876
10
518.87863092433361
20
375.36400117127931
0
LWPOLYLINE
5
775
100
AcDbEntity
8
0
100
AcDbPolyline
90
4
70
1
43
0.0
10
505.11515615746873
20
366.61613215086328
10
507.08431360292997
20
366.26624845440176
10
506.90937174695966
20
365.28166968811161
10
504.9402142143793
20
365.63155340005216
0
LWPOLYLINE
5
776
100
AcDbEntity
8
0
100
AcDbPolyline
90
4
70
1
43
0.0
10
616.44754789401395
20
443.49113556986993
10
616.62248983710344
20
444.47571432068094
10
618.59164728256462
20
444.12583062421953
10
618.41670542659438
20
443.14125185792932
0
LWPOLYLINE
5
777
100
AcDbEntity
8
0
100
AcDbPolyline
90
4
70
1
43
0.0
10
602.5091311840597
20
433.75868779864277
10
602.68407312714908
20
434.74326654945372
10
604.65323057261025
20
434.39338285299232
10
604.47828871664012
20
433.40880408670216
0
LWPOLYLINE
5
778
100
AcDbEntity
8
0
100
AcDbPolyline
90
4
70
1
43
0.0
10
769.94507364660126
20
551.53263980418046
10
771.91423109206244
20
551.182756107719
10
771.73928923609196
20
550.19817734142873
10
769.77013170351165
20
550.54806105336934
0
LWPOLYLINE
5
779
100
AcDbEntity
8
0
100
AcDbPolyline
90
4
70
1
43
0.0
10
548.8995637327929
20
395.46359176808346
10
548.72462187682265
20
394.47901300179325
10
546.75546434424223
20
394.8288967137338
10
546.93040628733172
20
395.81347546454487
0
LWPOLYLINE
5
780
100
AcDbEntity
8
0
100
AcDbPolyline
90
4
70
1
43
0.0
10
491.17673944751436
20
356.88368437963607
10
493.14589689297566
20
356.53380068317455
10
492.9709550370053
20
355.54922191688433
10
491.00179750442493
20
355.89910562882494
0
LWPOLYLINE
5
781
100
AcDbEntity
8
0
100
AcDbPolyline
90
4
70
1
43
0.0
10
588.74565641719482
20
425.01081877822656
10
590.714813862656
20
424.66093508176516
10
590.53987200668553
20
423.67635631547489
10
588.57071447410522
20
424.02624002741538
0
LWPOLYLINE
5
782
100
AcDbEntity
8
0
100
AcDbPolyline
90
4
70
1
43
0.0
10
783.70854841346602
20
560.28050882459661
10
783.88349035655563
20
561.26508757540773
10
785.8526478020168
20
560.91520387894616
10
785.67770594604644
20
559.93062511265612
0
LWPOLYLINE
5
783
100
AcDbEntity
8
0
100
AcDbPolyline
90
4
70
1
43
0.0
10
644.32438131392269
20
462.95603111232435
10
644.49932325701229
20
463.94060986313548
10
646.46848070247347
20
463.59072616667396
10
646.293538846503
20
462.60614740038386
0
LWPOLYLINE
5
784
100
AcDbEntity
8
0
100
AcDbPolyline
90
4
70
1
43
0.0
10
576.60145529673139
20
413.94390854424773
10
574.63229776415096
20
414.29379225618823
10
574.80723970724046
20
415.27837100699935
10
576.77639715270163
20
414.92848731053789
0
LWPOLYLINE
5
785
100
AcDbEntity
8
0
100
AcDbPolyline
90
4
70
1
43
0.0
10
660.23195555645725
20
472.33859517161108
10
658.26279802387705
20
472.68847888355162
10
658.43773996696655
20
473.67305763436269
10
660.40689741242772
20
473.32317393790117
0
LWPOLYLINE
5
786
100
AcDbEntity
8
0
100
AcDbPolyline
90
4
70
1
43
0.0
10
741.89329828360314
20
531.08316551091502
10
742.06824022669264
20
532.06774426172603
10
744.03739767215382
20
531.71786056526457
10
743.86245581618346
20
530.73328179897442
0
LWPOLYLINE
5
787
100
AcDbEntity
8
0
100
AcDbPolyline
90
4
70
1
43
0.0
10
730.09898096219945
20
521.9854127940373
10
729.92403910622897
20
521.00083402774715
10
727.95488157364866
20
521.35071773968764
10
728.12982351673827
20
522.33529649049876
0
LWPOLYLINE
5
788
100
AcDbEntity
8
0
100
AcDbPolyline
90
4
70
1
43
0.0
10
700.07804815374004
20
501.88582219723321
10
700.25299009682954
20
502.87040094804433
10
702.22214754229071
20
502.52051725158287
10
702.04720568632024
20
501.53593848529272
0
LWPOLYLINE
5
789
100
AcDbEntity
8
0
100
AcDbPolyline
90
4
70
1
43
0.0
10
757.97581438210818
20
541.45030833649173
10
757.80087252613771
20
540.46572957020157
10
755.83171499355728
20
540.81561328214218
10
756.00665693664678
20
541.80019203295319
0
LWPOLYLINE
5
790
100
AcDbEntity
8
0
100
AcDbPolyline
90
4
70
1
43
0.0
10
630.38596460396832
20
453.22358334109714
10
630.56090654705781
20
454.20816209190826
10
632.53006399251899
20
453.85827839544675
10
632.35512213654874
20
452.87369962915653
0
LWPOLYLINE
5
791
100
AcDbEntity
8
0
100
AcDbPolyline
90
4
70
1
43
0.0
10
674.17037226641173
20
482.07104294283829
10
672.20121473383142
20
482.42092665477884
10
672.3761566769208
20
483.40550540558985
10
674.34531412238198
20
483.05562170912833
0
LWPOLYLINE
5
792
100
AcDbEntity
8
0
100
AcDbPolyline
90
4
70
1
43
0.0
10
714.01646486369441
20
511.61826996846048
10
714.19140680678402
20
512.60284871927161
10
716.16056425224519
20
512.25296502281014
10
715.98562239627472
20
511.26838625651993
0
LWPOLYLINE
5
793
100
AcDbEntity
8
0
100
AcDbPolyline
90
4
70
1
43
0.0
10
688.28373083233646
20
492.78806948035566
10
688.10878897636599
20
491.80349071406545
10
686.13963144378556
20
492.153374426006
10
686.31457338687528
20
493.13795317681706
0
LWPOLYLINE
5
794
100
AcDbEntity
8
0
100
AcDbPolyline
90
4
70
1
43
0.0
10
526.85897498778172
20
395.53233138180013
10
524.88311536527908
20
395.8421357590509
10
525.03801764132004
20
396.83006555659608
10
527.01387717640682
20
396.52026119305134
0
LWPOLYLINE
5
795
100
AcDbEntity
8
0
100
AcDbPolyline
90
4
70
1
43
0.0
10
554.33458864921886
20
415.55957916893851
10
552.35872902671633
20
415.86938354618928
10
552.5136313027574
20
416.85731334373457
10
554.48949083784419
20
416.54750898018983
0
LWPOLYLINE
5
796
100
AcDbEntity
8
0
100
AcDbPolyline
90
4
70
1
43
0.0
10
511.30021081060147
20
386.81644166302692
10
513.27607034568825
20
386.50663729948212
10
513.12116815706293
20
385.5187074882308
10
511.14530853456029
20
385.82851186548157
0
LWPOLYLINE
5
797
100
AcDbEntity
8
0
100
AcDbPolyline
90
4
70
1
43
0.0
10
497.56240397988284
20
376.80281776945765
10
499.53826351496963
20
376.49301340591296
10
499.38336132634436
20
375.50508359466158
10
497.40750170384183
20
375.81488797191236
0
LWPOLYLINE
5
798
100
AcDbEntity
8
0
100
AcDbPolyline
90
4
70
1
43
0.0
10
607.30995634959072
20
455.92387912046627
10
607.46485862563179
20
456.9118089180115
10
609.44071816071857
20
456.60200455446676
10
609.28581597209336
20
455.6140747432155
0
LWPOLYLINE
5
799
100
AcDbEntity
8
0
100
AcDbPolyline
90
4
70
1
43
0.0
10
593.57214951887227
20
445.91025522689705
10
593.72705179491311
20
446.89818502444223
10
595.70291133000001
20
446.58838066089754
10
595.54800914137468
20
445.60045084964628
0
LWPOLYLINE
5
800
100
AcDbEntity
8
0
100
AcDbPolyline
90
4
70
1
43
0.0
10
758.58073376353673
20
567.06167174727318
10
760.55659329862351
20
566.7518673837285
10
760.40169110999818
20
565.76393757247718
10
758.42583148749554
20
566.07374194972795
0
LWPOLYLINE
5
801
100
AcDbEntity
8
0
100
AcDbPolyline
90
4
70
1
43
0.0
10
540.7516840071255
20
406.53388508662061
10
540.59678181850018
20
405.54595527536924
10
538.62092219599765
20
405.85575965262001
10
538.77582447203872
20
406.8436894501653
0
LWPOLYLINE
5
802
100
AcDbEntity
8
0
100
AcDbPolyline
90
4
70
1
43
0.0
10
483.82459714916422
20
366.78919387588837
10
485.800456684251
20
366.47938951234369
10
485.64555449562567
20
365.49145970109237
10
483.66969487312315
20
365.80126407834314
0
LWPOLYLINE
5
803
100
AcDbEntity
8
0
100
AcDbPolyline
90
4
70
1
43
0.0
10
579.98924496419465
20
436.88456113087312
10
581.96510449928144
20
436.57475676732838
10
581.810202310656
20
435.58682695607695
10
579.83434268815347
20
435.89663133332778
0
LWPOLYLINE
5
804
100
AcDbEntity
8
0
100
AcDbPolyline
90
4
70
1
43
0.0
10
772.16363831821423
20
576.08736584329722
10
772.3185405942553
20
577.07529564084246
10
774.29440012934219
20
576.76549127729777
10
774.13949794071664
20
575.77756146604645
0
LWPOLYLINE
5
805
100
AcDbEntity
8
0
100
AcDbPolyline
90
4
70
1
43
0.0
10
634.78557001102797
20
475.95112690760482
10
634.94047228706904
20
476.93905670514999
10
636.91633182215594
20
476.62925234160531
10
636.7614296335305
20
475.64132253035393
0
LWPOLYLINE
5
806
100
AcDbEntity
8
0
100
AcDbPolyline
90
4
70
1
43
0.0
10
568.07239547993743
20
425.57320306250779
10
566.0965358574349
20
425.88300743975856
10
566.25143813347597
20
426.87093723730385
10
568.22729766856276
20
426.56113287375911
0
LWPOLYLINE
5
807
100
AcDbEntity
8
0
100
AcDbPolyline
90
4
70
1
43
0.0
10
650.49923646424918
20
485.65494642392321
10
648.52337684174677
20
485.96475080117398
10
648.67827911778772
20
486.95268059871927
10
650.65413865287451
20
486.64287623517458
0
LWPOLYLINE
5
808
100
AcDbEntity
8
0
100
AcDbPolyline
90
4
70
1
43
0.0
10
730.95021782605841
20
546.04649416258951
10
731.10512010209948
20
547.03442396013475
10
733.08097963718637
20
546.72461959659006
10
732.92607744856082
20
545.73668978533874
0
LWPOLYLINE
5
809
100
AcDbEntity
8
0
100
AcDbPolyline
90
4
70
1
43
0.0
10
719.34317280646769
20
536.71099570302079
10
719.18827061784225
20
535.72306589176947
10
717.21241099533984
20
536.03287026902024
10
717.36731327138091
20
537.02080006656547
0
LWPOLYLINE
5
810
100
AcDbEntity
8
0
100
AcDbPolyline
90
4
70
1
43
0.0
10
689.73679733390259
20
516.00562248188169
10
689.89169960994354
20
516.99355227942692
10
691.86755914503033
20
516.68374791588224
10
691.712656956405
20
515.69581810463092
0
LWPOLYLINE
5
811
100
AcDbEntity
8
0
100
AcDbPolyline
90
4
70
1
43
0.0
10
746.81878646790494
20
556.73824349015922
10
746.66388427927939
20
555.7503136789079
10
744.68802465677697
20
556.06011805615867
10
744.84292693281805
20
557.04804785370391
0
LWPOLYLINE
5
812
100
AcDbEntity
8
0
100
AcDbPolyline
90
4
70
1
43
0.0
10
621.0477631803094
20
465.93750301403554
10
621.20266545635047
20
466.92543281158078
10
623.17852499143726
20
466.61562844803603
10
623.02362280281193
20
465.62769863678477
0
LWPOLYLINE
5
813
100
AcDbEntity
8
0
100
AcDbPolyline
90
4
70
1
43
0.0
10
664.23704329496786
20
495.66857031749248
10
662.26118367246522
20
495.97837469474325
10
662.41608594850629
20
496.96630449228849
10
664.39194548359308
20
496.65650012874374
0
LWPOLYLINE
5
814
100
AcDbEntity
8
0
100
AcDbPolyline
90
4
70
1
43
0.0
10
703.47460416462116
20
526.01924637545096
10
703.62950644066223
20
527.0071761729962
10
705.60536597574912
20
526.69737180945151
10
705.45046378712357
20
525.70944199820019
0
LWPOLYLINE
5
815
100
AcDbEntity
8
0
100
AcDbPolyline
90
4
70
1
43
0.0
10
678.12975231431187
20
506.67012402231302
10
677.97485012568632
20
505.6821942110617
10
675.9989905031839
20
505.99199858831247
10
676.15389277922486
20
506.9799283858577
0
LWPOLYLINE
5
816
100
AcDbEntity
8
0
100
AcDbPolyline
90
4
70
1
43
0.0
10
518.71424806173218
20
406.15481475817779
10
516.73250201927021
20
406.4244119079865
10
516.86730068185045
20
407.41528491729042
10
518.84904663663656
20
407.14568777940877
0
LWPOLYLINE
5
817
100
AcDbEntity
8
0
100
AcDbPolyline
90
4
70
1
43
0.0
10
545.77729954314714
20
426.73614718623696
10
543.79555350068495
20
427.00574433604572
10
543.93035216326552
20
427.9966173453497
10
545.91209811805152
20
427.72702020746806
0
LWPOLYLINE
5
818
100
AcDbEntity
8
0
100
AcDbPolyline
90
4
70
1
43
0.0
10
503.33577494114314
20
397.12461870326086
10
505.31752089592914
20
396.85502156537922
10
505.1827223210247
20
395.86414854414807
10
503.20097627856256
20
396.13374569395683
0
LWPOLYLINE
5
819
100
AcDbEntity
8
0
100
AcDbPolyline
90
4
70
1
43
0.0
10
489.80424920043561
20
386.83395248923119
10
491.78599515522166
20
386.56435535134955
10
491.65119658031728
20
385.57348233011851
10
489.66945053785514
20
385.84307947992727
0
LWPOLYLINE
5
820
100
AcDbEntity
8
0
100
AcDbPolyline
90
4
70
1
43
0.0
10
597.92165646351486
20
468.16840919216423
10
598.05645512609533
20
469.15928220146827
10
600.03820108088144
20
468.88968506358657
10
599.90340250597706
20
467.89881204235547
0
LWPOLYLINE
5
821
100
AcDbEntity
8
0
100
AcDbPolyline
90
4
70
1
43
0.0
10
584.3901307228075
20
457.87774297813473
10
584.52492938538785
20
458.86861598743855
10
586.50667534017396
20
458.5990188495569
10
586.37187676526969
20
457.60814582832597
0
LWPOLYLINE
5
822
100
AcDbEntity
8
0
100
AcDbPolyline
90
4
70
1
43
0.0
10
746.90323827387761
20
582.35661055579408
10
748.88498422866382
20
582.08701341791254
10
748.75018565375944
20
581.09614039668145
10
746.76843961129725
20
581.36573754649021
0
LWPOLYLINE
5
823
100
AcDbEntity
8
0
100
AcDbPolyline
90
4
70
1
43
0.0
10
532.38057237734404
20
417.43635399343844
10
532.24577380243966
20
416.44548097220735
10
530.26402775997758
20
416.71507812201611
10
530.39882642255805
20
417.70595113132003
0
LWPOLYLINE
5
824
100
AcDbEntity
8
0
100
AcDbPolyline
90
4
70
1
43
0.0
10
476.27272345972813
20
376.54328627520158
10
478.25446941451418
20
376.27368913731993
10
478.1196708396098
20
375.28281611608884
10
476.13792479714766
20
375.5524132658976
0
LWPOLYLINE
5
825
100
AcDbEntity
8
0
100
AcDbPolyline
90
4
70
1
43
0.0
10
570.99340364468048
20
448.57794977340905
10
572.97514959946648
20
448.30835263552734
10
572.84035102456198
20
447.31747961429619
10
570.85860498209991
20
447.58707676410495
0
LWPOLYLINE
5
826
100
AcDbEntity
8
0
100
AcDbPolyline
90
4
70
1
43
0.0
10
760.29996535200462
20
591.65640376051988
10
760.43476401458508
20
592.64727676982386
10
762.41650996937119
20
592.3776796319421
10
762.28171139446681
20
591.38680661071112
0
LWPOLYLINE
5
827
100
AcDbEntity
8
0
100
AcDbPolyline
90
4
70
1
43
0.0
10
624.98470794492994
20
488.74974162022352
10
625.1195066075104
20
489.74061462952756
10
627.10125256229639
20
489.47101749164585
10
626.96645398739201
20
488.48014447041476
0
LWPOLYLINE
5
828
100
AcDbEntity
8
0
100
AcDbPolyline
90
4
70
1
43
0.0
10
559.30882528385473
20
437.02681340026663
10
557.32707924139254
20
437.29641055007539
10
557.461877903973
20
438.28728355937932
10
559.44362385875911
20
438.01768642149773
0
LWPOLYLINE
5
829
100
AcDbEntity
8
0
100
AcDbPolyline
90
4
70
1
43
0.0
10
640.49797972809961
20
498.77081068444443
10
638.51623368563742
20
499.04040783425319
10
638.651032348218
20
500.03128084355717
10
640.63277830300399
20
499.76168370567552
0
LWPOLYLINE
5
830
100
AcDbEntity
8
0
100
AcDbPolyline
90
4
70
1
43
0.0
10
719.70538812988241
20
560.78440511843098
10
719.84018679246276
20
561.77527812773496
10
721.82193274724898
20
561.50568098985332
10
721.6871341723446
20
560.51480796862222
0
LWPOLYLINE
5
831
100
AcDbEntity
8
0
100
AcDbPolyline
90
4
70
1
43
0.0
10
708.29040700654127
20
551.21501477582365
10
708.15560843163689
20
550.22414175459267
10
706.1738623891747
20
550.49373890440143
10
706.30866105175528
20
551.48461191370529
0
LWPOLYLINE
5
832
100
AcDbEntity
8
0
100
AcDbPolyline
90
4
70
1
43
0.0
10
679.11081090775974
20
529.91240647634208
10
679.24560957034021
20
530.90327948564595
10
681.22735552512631
20
530.63368234776442
10
681.09255695022193
20
529.64280932653332
0
LWPOLYLINE
5
833
100
AcDbEntity
8
0
100
AcDbPolyline
90
4
70
1
43
0.0
10
735.35345848795623
20
571.79634720388287
10
735.21865991305185
20
570.80547418265178
10
733.23691387058966
20
571.07507133246054
10
733.37171253317013
20
572.06594434176452
0
LWPOLYLINE
5
834
100
AcDbEntity
8
0
100
AcDbPolyline
90
4
70
1
43
0.0
10
611.45318220422246
20
478.45907540619385
10
611.58798086680292
20
479.44994841549783
10
613.56972682158892
20
479.18035127761618
10
613.43492824668454
20
478.18947825638509
0
LWPOLYLINE
5
835
100
AcDbEntity
8
0
100
AcDbPolyline
90
4
70
1
43
0.0
10
654.0295054688072
20
509.0614768984741
10
652.04775942634501
20
509.33107404828286
10
652.18255808892525
20
510.32194705758673
10
654.16430404371135
20
510.05234991970508
0
LWPOLYLINE
5
836
100
AcDbEntity
8
0
100
AcDbPolyline
90
4
70
1
43
0.0
10
692.64233664846734
20
540.20307269037164
10
692.77713531104769
20
541.19394569967562
10
694.75888126583391
20
540.92434856179398
10
694.62408269092953
20
539.93347554056288
0
LWPOLYLINE
5
837
100
AcDbEntity
8
0
100
AcDbPolyline
90
4
70
1
43
0.0
10
667.69582978441895
20
520.34301613373475
10
667.56103120951457
20
519.35214311250365
10
665.57928516705238
20
519.62174026231241
10
665.71408382963273
20
520.6126132716164
0
LWPOLYLINE
5
838
100
AcDbEntity
8
0
100
AcDbPolyline
90
4
70
1
43
0.0
10
510.35538667672432
20
416.60963020980364
10
508.36857231428371
20
416.83890883767629
10
508.48321171612031
20
417.83231600875325
10
510.47002599066053
20
417.6030373910238
0
LWPOLYLINE
5
839
100
AcDbEntity
8
0
100
AcDbPolyline
90
4
70
1
43
0.0
10
536.994703869565
20
437.73655093903466
10
535.00788950712445
20
437.96582956690742
10
535.12252890896116
20
438.95923673798444
10
537.10934318350144
20
438.72995812025499
0
LWPOLYLINE
5
840
100
AcDbEntity
8
0
100
AcDbPolyline
90
4
70
1
43
0.0
10
495.16355311969994
20
407.26885564413772
10
497.15036739424022
20
407.03957702640832
10
497.03572808030378
20
406.04616984518793
10
495.04891371786312
20
406.27544847306069
0
LWPOLYLINE
5
841
100
AcDbEntity
8
0
100
AcDbPolyline
90
4
70
1
43
0.0
10
481.84389452327957
20
396.70539527952212
10
483.83070879781985
20
396.47611666179273
10
483.71606948388347
20
395.48270948057245
10
481.72925512144286
20
395.71198810844515
0
LWPOLYLINE
5
842
100
AcDbEntity
8
0
100
AcDbPolyline
90
4
70
1
43
0.0
10
588.28652389280603
20
480.21967102536968
10
588.40116329464274
20
481.21307819644665
10
590.38797756918302
20
480.98379957871725
10
590.2733382552467
20
479.99039239749692
0
LWPOLYLINE
5
843
100
AcDbEntity
8
0
100
AcDbPolyline
90
4
70
1
43
0.0
10
574.96686529638578
20
469.6562106607542
10
575.08150469822226
20
470.64961783183105
10
577.06831897276265
20
470.42033921410166
10
576.95367965882633
20
469.42693203288144
0
LWPOLYLINE
5
844
100
AcDbEntity
8
0
100
AcDbPolyline
90
4
70
1
43
0.0
10
734.91740785526713
20
597.41114220721795
10
736.90422212980752
20
597.18186358948844
10
736.78958281587097
20
596.18845640826817
10
734.80276845343053
20
596.41773503614093
0
LWPOLYLINE
5
845
100
AcDbEntity
8
0
100
AcDbPolyline
90
4
70
1
43
0.0
10
523.78968458708096
20
428.1664977556394
10
523.67504527314463
20
427.17309057441912
10
521.68823091070396
20
427.40236920229188
10
521.80287031254068
20
428.39577637336879
0
LWPOLYLINE
5
846
100
AcDbEntity
8
0
100
AcDbPolyline
90
4
70
1
43
0.0
10
468.52423592685909
20
386.14193491490653
10
470.51105020139943
20
385.91265629717719
10
470.39641088746305
20
384.9192491159568
10
468.40959652502244
20
385.14852774382962
0
LWPOLYLINE
5
847
100
AcDbEntity
8
0
100
AcDbPolyline
90
4
70
1
43
0.0
10
561.76184610180201
20
460.08615746721551
10
563.74866037634229
20
459.85687884948618
10
563.63402106240574
20
458.86347166826573
10
561.64720669996518
20
459.09275029613855
0
LWPOLYLINE
5
848
100
AcDbEntity
8
0
100
AcDbPolyline
90
4
70
1
43
0.0
10
748.12242704985101
20
606.98119540075652
10
748.2370664516875
20
607.97460257183343
10
750.22388072622789
20
607.74532395410415
10
750.10924141229134
20
606.75191677288376
0
LWPOLYLINE
5
849
100
AcDbEntity
8
0
100
AcDbPolyline
90
4
70
1
43
0.0
10
614.92584108564688
20
501.34659175460087
10
615.04048048748359
20
502.33999892567783
10
617.02729476202387
20
502.11072030794844
10
616.91265544808755
20
501.11731312672811
0
LWPOLYLINE
5
850
100
AcDbEntity
8
0
100
AcDbPolyline
90
4
70
1
43
0.0
10
550.31436246598548
20
448.30001130365025
10
548.32754810354481
20
448.52928993152307
10
548.44218750538153
20
449.52269710259998
10
550.4290017799218
20
449.29341848487059
0
LWPOLYLINE
5
851
100
AcDbEntity
8
0
100
AcDbPolyline
90
4
70
1
43
0.0
10
630.23231404450792
20
511.6807734913437
10
628.24549968206736
20
511.9100521192164
10
628.36013908390396
20
512.90345929029343
10
630.34695335844424
20
512.67418067256403
0
LWPOLYLINE
5
852
100
AcDbEntity
8
0
100
AcDbPolyline
90
4
70
1
43
0.0
10
708.1634512605898
20
575.29081430690985
10
708.27809066242651
20
576.28422147798676
10
710.26490493696667
20
576.05494286025748
10
710.15026562303035
20
575.06153567903709
0
LWPOLYLINE
5
853
100
AcDbEntity
8
0
100
AcDbPolyline
90
4
70
1
43
0.0
10
696.9452463405463
20
565.49148249564178
10
696.83060702660987
20
564.4980753144215
10
694.84379266416931
20
564.72735394229426
10
694.95843206600603
20
565.72076111337128
0
LWPOLYLINE
5
854
100
AcDbEntity
8
0
100
AcDbPolyline
90
4
70
1
43
0.0
10
668.20447547132846
20
543.60043321306307
10
668.31911487316518
20
544.59384038414009
10
670.30592914770546
20
544.3645617664107
10
670.19128983376902
20
543.37115458519042
0
LWPOLYLINE
5
855
100
AcDbEntity
8
0
100
AcDbPolyline
90
4
70
1
43
0.0
10
723.58456353338715
20
586.61840322487296
10
723.4699242194506
20
585.62499604365257
10
721.48310985701005
20
585.85427467152533
10
721.59774925884676
20
586.84768184260224
0
LWPOLYLINE
5
856
100
AcDbEntity
8
0
100
AcDbPolyline
90
4
70
1
43
0.0
10
601.60618248922651
20
490.78313138998521
10
601.72082189106311
20
491.77653856106224
10
603.7076361656035
20
491.54725994333285
10
603.59299685166707
20
490.55385276211257
0
LWPOLYLINE
5
857
100
AcDbEntity
8
0
100
AcDbPolyline
90
4
70
1
43
0.0
10
643.55197264092817
20
522.24423385595924
10
641.56515827848784
20
522.473512483832
10
641.67979768032421
20
523.46691965490891
10
643.66661195486461
20
523.23764103717951
0
LWPOLYLINE
5
858
100
AcDbEntity
8
0
100
AcDbPolyline
90
4
70
1
43
0.0
10
681.52413406774895
20
554.16389357767866
10
681.63877346958554
20
555.15730074875569
10
683.62558774412594
20
554.9280221310263
10
683.51094843018939
20
553.9346149498059
0
LWPOLYLINE
5
859
100
AcDbEntity
8
0
100
AcDbPolyline
90
4
70
1
43
0.0
10
656.98627055128497
20
533.80110140179511
10
656.87163123734865
20
532.80769422057472
10
654.88481687490798
20
533.03697284844748
10
654.99945627674481
20
534.0303800195245
0
LWPOLYLINE
5
860
100
AcDbEntity
8
0
100
AcDbPolyline
90
4
70
1
43
0.0
10
501.78584151927117
20
426.89246180308089
10
499.79477902912595
20
427.08132725872582
10
499.88921184503653
20
428.07685849544299
10
501.88027424709344
20
427.88799304815348
0
LWPOLYLINE
5
861
100
AcDbEntity
8
0
100
AcDbPolyline
90
4
70
1
43
0.0
10
527.99042724002982
20
448.55624926518931
10
525.99936474988453
20
448.74511472083429
10
526.09379756579528
20
449.74064595755152
10
528.08485996785225
20
449.55178051026195
0
LWPOLYLINE
5
862
100
AcDbEntity
8
0
100
AcDbPolyline
90
4
70
1
43
0.0
10
486.78691898465723
20
417.2449647643889
10
488.77798138671426
20
417.05609931709932
10
488.68354865889165
20
416.06056807202657
10
486.69248616874643
20
416.2494335276715
0
LWPOLYLINE
5
863
100
AcDbEntity
8
0
100
AcDbPolyline
90
4
70
1
43
0.0
10
473.68462612427783
20
406.41307103333463
10
475.67568852633485
20
406.22420558604506
10
475.58125579851242
20
405.22867434097236
10
473.59019330836713
20
405.41753979661735
0
LWPOLYLINE
5
864
100
AcDbEntity
8
0
100
AcDbPolyline
90
4
70
1
43
0.0
10
578.40853619140194
20
492.07268964505118
10
578.50296900731269
20
493.06822088176841
10
580.49403140936965
20
492.87935543447884
10
580.39959868154722
20
491.8838241894062
0
LWPOLYLINE
5
865
100
AcDbEntity
8
0
100
AcDbPolyline
90
4
70
1
43
0.0
10
565.30624333102264
20
481.24079591399698
10
565.40067614693328
20
482.23632715071415
10
567.39173854899025
20
482.04746170342469
10
567.29730582116792
20
481.0519304583521
0
LWPOLYLINE
5
866
100
AcDbEntity
8
0
100
AcDbPolyline
90
4
70
1
43
0.0
10
722.62819047148571
20
612.2190519233651
10
724.61925287354256
20
612.03018647607553
10
724.52482014572013
20
611.03465523100283
10
722.53375765557485
20
611.22352068664782
0
LWPOLYLINE
5
867
100
AcDbEntity
8
0
100
AcDbPolyline
90
4
70
1
43
0.0
10
514.98256710747285
20
438.71988677920768
10
514.88813437965041
20
437.72435553413504
10
512.89707188950513
20
437.91322098978003
10
512.99150470541588
20
438.90875222649726
0
LWPOLYLINE
5
868
100
AcDbEntity
8
0
100
AcDbPolyline
90
4
70
1
43
0.0
10
460.58233326389848
20
395.58117730228037
10
462.57339566595545
20
395.39231185499079
10
462.47896293813307
20
394.3967806099181
10
460.48790044798778
20
394.58564606556308
0
LWPOLYLINE
5
869
100
AcDbEntity
8
0
100
AcDbPolyline
90
4
70
1
43
0.0
10
552.2983832865541
20
471.40443341966005
10
554.28944568861095
20
471.21556797237048
10
554.19501296078852
20
470.22003672729772
10
552.20395047064324
20
470.40890218294265
0
LWPOLYLINE
5
870
100
AcDbEntity
8
0
100
AcDbPolyline
90
4
70
1
43
0.0
10
735.63605051595414
20
622.05541441770208
10
735.73048333186512
20
623.05094565441937
10
737.72154573392197
20
622.86208020712979
10
737.62711300609953
20
621.8665489620571
0
LWPOLYLINE
5
871
100
AcDbEntity
8
0
100
AcDbPolyline
90
4
70
1
43
0.0
10
604.61312191216075
20
513.73647710715977
10
604.70755472807139
20
514.73200834387694
10
606.69861713012847
20
514.54314289658737
10
606.60418440230603
20
513.54761165151467
0
LWPOLYLINE
5
872
100
AcDbEntity
8
0
100
AcDbPolyline
90
4
70
1
43
0.0
10
541.09272010040922
20
459.38814299624357
10
539.10165761026394
20
459.57700845188856
10
539.19609042617469
20
460.57253968860579
10
541.18715282823155
20
460.38367424131621
0
LWPOLYLINE
5
873
100
AcDbEntity
8
0
100
AcDbPolyline
90
4
70
1
43
0.0
10
619.70647726268544
20
524.37950538256905
10
617.71541477254016
20
524.56837083821392
10
617.80984758845079
20
525.56390207493121
10
619.80090999050776
20
525.37503662764163
0
LWPOLYLINE
5
874
100
AcDbEntity
8
0
100
AcDbPolyline
90
4
70
1
43
0.0
10
696.32917193481615
20
589.5597332245394
10
696.42360475072689
20
590.55526446125668
10
698.41466715278398
20
590.36639901396711
10
698.32023442496154
20
589.37086776889441
0
LWPOLYLINE
5
875
100
AcDbEntity
8
0
100
AcDbPolyline
90
4
70
1
43
0.0
10
685.31237429240468
20
579.53450528291285
10
685.21794156458213
20
578.53897403784015
10
683.22687907443674
20
578.72783949348513
10
683.32131189034749
20
579.72337073020242
0
LWPOLYLINE
5
876
100
AcDbEntity
8
0
100
AcDbPolyline
90
4
70
1
43
0.0
10
657.02229335367804
20
557.0640520313766
10
657.11672616958879
20
558.05958326809389
10
659.10778857164587
20
557.87071782080432
10
659.01335584382332
20
556.87518657573162
0
LWPOLYLINE
5
877
100
AcDbEntity
8
0
100
AcDbPolyline
90
4
70
1
43
0.0
10
711.51696001316327
20
601.19829274502126
10
711.42252728534072
20
600.20276149994856
10
709.43146479519544
20
600.39162695559355
10
709.5258976111063
20
601.38715819231084
0
LWPOLYLINE
5
878
100
AcDbEntity
8
0
100
AcDbPolyline
90
4
70
1
43
0.0
10
591.51082905178134
20
502.90458337610545
10
591.60526186769198
20
503.90011461282268
10
593.59632426974906
20
503.7112491655331
10
593.50189154192662
20
502.71571792046046
0
LWPOLYLINE
5
879
100
AcDbEntity
8
0
100
AcDbPolyline
90
4
70
1
43
0.0
10
632.80877012306473
20
535.2113991136232
10
630.81770763291945
20
535.40026456926819
10
630.91214044883009
20
536.39579580598536
10
632.90320285088706
20
536.2069303586959
0
LWPOLYLINE
5
880
100
AcDbEntity
8
0
100
AcDbPolyline
90
4
70
1
43
0.0
10
670.12458621405744
20
567.89594576243087
10
670.21901902996819
20
568.89147699914815
10
672.21008143202528
20
568.70261155185858
10
672.11564870420273
20
567.70708030678588
0
LWPOLYLINE
5
881
100
AcDbEntity
8
0
100
AcDbPolyline
90
4
70
1
43
0.0
10
646.00549571126646
20
547.03882408975005
10
645.91106298344403
20
546.04329284467735
10
643.92000049329863
20
546.23215830032234
10
644.01443330920938
20
547.22768953703962
0
LWPOLYLINE
5
882
100
AcDbEntity
8
0
100
AcDbPolyline
90
4
70
1
43
0.0
10
493.00915024989149
20
436.99906460240607
10
491.01466157801804
20
437.1474389188071
10
491.08884882445818
20
438.14468324817983
10
493.08333740809195
20
437.99630893834274
0
LWPOLYLINE
5
883
100
AcDbEntity
8
0
100
AcDbPolyline
90
4
70
1
43
0.0
10
518.76818677993685
20
459.19077560097003
10
516.77369810806329
20
459.33914991737106
10
516.84788535450366
20
460.33639424674391
10
518.84237393813737
20
460.18801993690681
0
LWPOLYLINE
5
884
100
AcDbEntity
8
0
100
AcDbPolyline
90
4
70
1
43
0.0
10
478.20933055943567
20
427.04882774889791
10
480.20381914306938
20
426.90045343906087
10
480.12963198486875
20
425.90320910312391
10
478.13514331299524
20
426.05158341952495
0
LWPOLYLINE
5
885
100
AcDbEntity
8
0
100
AcDbPolyline
90
4
70
1
43
0.0
10
465.32981229441293
20
415.95297224961587
10
467.32430087804664
20
415.80459793977877
10
467.25011371984613
20
414.80735360384199
10
465.25562504797267
20
414.95572792024296
0
LWPOLYLINE
5
886
100
AcDbEntity
8
0
100
AcDbPolyline
90
4
70
1
43
0.0
10
568.29177116815413
20
503.72257191449904
10
568.36595841459439
20
504.71981624387189
10
570.36044699822821
20
504.57144193403485
10
570.28625984002758
20
503.57419759809807
0
LWPOLYLINE
5
887
100
AcDbEntity
8
0
100
AcDbPolyline
90
4
70
1
43
0.0
10
555.4122529031315
20
492.62671641521712
10
555.48644014957165
20
493.62396074458991
10
557.48092873320547
20
493.47558643475281
10
557.40674157500496
20
492.47834209881614
0
LWPOLYLINE
5
888
100
AcDbEntity
8
0
100
AcDbPolyline
90
4
70
1
43
0.0
10
710.04065932984406
20
626.77422673597414
10
712.03514791347766
20
626.62585242613704
10
711.96096075527726
20
625.62860809020026
10
709.96647208340369
20
625.77698240660129
0
LWPOLYLINE
5
889
100
AcDbEntity
8
0
100
AcDbPolyline
90
4
70
1
43
0.0
10
505.96285567311469
20
449.09216443762483
10
505.88866851491417
20
448.09492010168805
10
503.8941798430406
20
448.24329441808902
10
503.96836708948103
20
449.24053874746187
0
LWPOLYLINE
5
890
100
AcDbEntity
8
0
100
AcDbPolyline
90
4
70
1
43
0.0
10
452.45029402939025
20
404.85711675033377
10
454.4447826130239
20
404.70874244049674
10
454.37059545482339
20
403.71149810455995
10
452.37610678294993
20
403.85987242096098
0
LWPOLYLINE
5
891
100
AcDbEntity
8
0
100
AcDbPolyline
90
4
70
1
43
0.0
10
542.60692188454914
20
482.52810524530793
10
544.60141046818285
20
482.37973093547089
10
544.52722330998211
20
481.38248659953399
10
542.53273463810865
20
481.53086091593502
0
LWPOLYLINE
5
892
100
AcDbEntity
8
0
100
AcDbPolyline
90
4
70
1
43
0.0
10
722.84599034842631
20
636.87283790588333
10
722.92017759486669
20
637.87008223525606
10
724.91466617850051
20
637.72170792541908
10
724.84047902029988
20
636.7244635894823
0
LWPOLYLINE
5
893
100
AcDbEntity
8
0
100
AcDbPolyline
90
4
70
1
43
0.0
10
594.05080769819949
20
525.91428291306318
10
594.12499494463987
20
526.91152724243602
10
596.11948352827358
20
526.76315293259893
10
596.04529637007306
20
525.76590859666214
0
LWPOLYLINE
5
894
100
AcDbEntity
8
0
100
AcDbPolyline
90
4
70
1
43
0.0
10
531.64770504495959
20
470.28663110025207
10
529.65321637308602
20
470.4350054166531
10
529.72740361952629
20
471.43224974602589
10
531.72189220316011
20
471.28387543618885
0
LWPOLYLINE
5
895
100
AcDbEntity
8
0
100
AcDbPolyline
90
4
70
1
43
0.0
10
608.92481463509569
20
536.86176409594418
10
606.93032596322223
20
537.01013841234521
10
607.00451320966249
20
538.00738274171806
10
608.99900179329632
20
537.85900843188097
0
LWPOLYLINE
5
896
100
AcDbEntity
8
0
100
AcDbPolyline
90
4
70
1
43
0.0
10
684.20743555335832
20
603.58527140803733
10
684.2816227997987
20
604.58251573741018
10
686.27611138343241
20
604.43414142757308
10
686.20192422523189
20
603.4368970916363
0
LWPOLYLINE
5
897
100
AcDbEntity
8
0
100
AcDbPolyline
90
4
70
1
43
0.0
10
673.39659311840978
20
593.33828592829104
10
673.32240596020915
20
592.34104159235426
10
671.32791728833558
20
592.48941590875529
10
671.40210453477607
20
593.48666023812814
0
LWPOLYLINE
5
898
100
AcDbEntity
8
0
100
AcDbPolyline
90
4
70
1
43
0.0
10
645.56888075829022
20
570.29770491019121
10
645.64306800473059
20
571.29494923956395
10
647.6375565883643
20
571.14657492972697
10
647.56336943016379
20
570.14933059379018
0
LWPOLYLINE
5
899
100
AcDbEntity
8
0
100
AcDbPolyline
90
4
70
1
43
0.0
10
699.15562964845503
20
615.52999692685501
10
699.0814424902544
20
614.53275259091822
10
697.08695381838083
20
614.68112690731925
10
697.16114106482132
20
615.6783712366921
0
LWPOLYLINE
5
900
100
AcDbEntity
8
0
100
AcDbPolyline
90
4
70
1
43
0.0
10
581.17128943317675
20
514.81842741378114
10
581.24547667961701
20
515.81567174315398
10
583.23996526325084
20
515.66729743331689
10
583.16577810505032
20
514.67005309738011
0
LWPOLYLINE
5
901
100
AcDbEntity
8
0
100
AcDbPolyline
90
4
70
1
43
0.0
10
621.80433290011842
20
547.95761959522622
10
619.80984422824486
20
548.10599391162714
10
619.88403147468512
20
549.10323824099999
10
621.87852005831883
20
548.95486393116289
0
LWPOLYLINE
5
902
100
AcDbEntity
8
0
100
AcDbPolyline
90
4
70
1
43
0.0
10
658.44839902331285
20
581.39356040947314
10
658.52258626975322
20
582.3908047388461
10
660.51707485338693
20
582.242430429009
10
660.44288769518641
20
581.24518609307222
0
LWPOLYLINE
5
903
100
AcDbEntity
8
0
100
AcDbPolyline
90
4
70
1
43
0.0
10
634.75803832334145
20
560.05071943044493
10
634.68385116514105
20
559.05347509450814
10
632.68936249326748
20
559.20184941090918
10
632.76354973970786
20
560.19909374028202
0
LWPOLYLINE
5
904
100
AcDbEntity
8
0
100
AcDbPolyline
90
4
70
1
43
0.0
10
484.02893604270002
20
446.9252664225528
10
482.03184454946324
20
447.0330883481555
10
482.08575560061951
20
448.03163409000399
10
484.08284700550132
20
447.92381216917124
0
LWPOLYLINE
5
905
100
AcDbEntity
8
0
100
AcDbPolyline
90
4
70
1
43
0.0
10
509.33178959402397
20
469.63573982493369
10
507.33469810078714
20
469.7435617505364
10
507.38860915194351
20
470.74210749238495
10
509.38570055682533
20
470.6342855715522
0
LWPOLYLINE
5
906
100
AcDbEntity
8
0
100
AcDbPolyline
90
4
70
1
43
0.0
10
469.43432882495762
20
436.6763973888136
10
471.43142022983943
20
436.56857546798079
10
471.37750926703796
20
435.57002972136223
10
469.38041777380113
20
435.67785164696494
0
LWPOLYLINE
5
907
100
AcDbEntity
8
0
100
AcDbPolyline
90
4
70
1
43
0.0
10
456.78290204929561
20
425.32116068762315
10
458.77999345417743
20
425.21333876679029
10
458.72608249137608
20
424.21479302017184
10
456.72899099813924
20
424.32261494577455
0
LWPOLYLINE
5
908
100
AcDbEntity
8
0
100
AcDbPolyline
90
4
70
1
43
0.0
10
557.94040520343503
20
515.16450855529831
10
557.99431625459147
20
516.1630542971468
10
559.99140765947323
20
516.05523237631405
10
559.93749669667193
20
515.05668662969561
0
LWPOLYLINE
5
909
100
AcDbEntity
8
0
100
AcDbPolyline
90
4
70
1
43
0.0
10
545.28897842777315
20
503.80927185410792
10
545.34288947892946
20
504.80781759595635
10
547.33998088381122
20
504.6999956751236
10
547.28606992101004
20
503.70144992850521
0
LWPOLYLINE
5
910
100
AcDbEntity
8
0
100
AcDbPolyline
90
4
70
1
43
0.0
10
697.16001078687327
20
641.07065801024203
10
699.15710219175492
20
640.96283608940917
10
699.10319122895362
20
639.96429034279083
10
697.10609973571695
20
640.07211226839354
0
LWPOLYLINE
5
911
100
AcDbEntity
8
0
100
AcDbPolyline
90
4
70
1
43
0.0
10
496.73427378116338
20
459.27904887036169
10
496.68036281836191
20
458.28050312374324
10
494.68327132512513
20
458.38832504934595
10
494.73718237628157
20
459.3868707911945
0
LWPOLYLINE
5
912
100
AcDbEntity
8
0
100
AcDbPolyline
90
4
70
1
43
0.0
10
444.13147527363367
20
413.96592398643264
10
446.12856667851543
20
413.85810206559984
10
446.07465571571402
20
412.85955631898133
10
444.07756422247724
20
412.96737824458404
0
LWPOLYLINE
5
913
100
AcDbEntity
8
0
100
AcDbPolyline
90
4
70
1
43
0.0
10
532.69146270326758
20
493.45258089476596
10
534.68855410814945
20
493.34475897393315
10
534.63464314534792
20
492.34621322731465
10
532.63755165211114
20
492.45403515291736
0
LWPOLYLINE
5
914
100
AcDbEntity
8
0
100
AcDbPolyline
90
4
70
1
43
0.0
10
709.75752651137896
20
651.42734896958405
10
709.81143756253527
20
652.42589471143265
10
711.80852896741703
20
652.31807279059979
10
711.75461800461562
20
651.31952704398134
0
LWPOLYLINE
5
915
100
AcDbEntity
8
0
100
AcDbPolyline
90
4
70
1
43
0.0
10
583.24325875475904
20
537.87498195767932
10
583.29716980591547
20
538.87352769952781
10
585.29426121079723
20
538.76570577869506
10
585.24035024799582
20
537.76716003207662
0
LWPOLYLINE
5
916
100
AcDbEntity
8
0
100
AcDbPolyline
90
4
70
1
43
0.0
10
521.98321636968603
20
480.9909765261242
10
519.98612487644914
20
481.09879845172691
10
520.04003592760557
20
482.09734419357545
10
522.03712733248733
20
481.9895222727427
0
LWPOLYLINE
5
917
100
AcDbEntity
8
0
100
AcDbPolyline
90
4
70
1
43
0.0
10
597.89177702365794
20
549.12239673326712
10
595.89468553042116
20
549.23021865886983
10
595.94859658157748
20
550.22876440071832
10
597.94568798645923
20
550.12094247988557
0
LWPOLYLINE
5
918
100
AcDbEntity
8
0
100
AcDbPolyline
90
4
70
1
43
0.0
10
671.80324618439295
20
617.36163886601264
10
671.85715723554938
20
618.36018460786113
10
673.85424864043114
20
618.25236268702838
10
673.80033767762961
20
617.25381694040993
0
LWPOLYLINE
5
919
100
AcDbEntity
8
0
100
AcDbPolyline
90
4
70
1
43
0.0
10
661.20282186476913
20
606.89712598583787
10
661.14891090196784
20
605.89858023921943
10
659.15181940873117
20
606.00640216482213
10
659.20573045988726
20
607.00494790667062
0
LWPOLYLINE
5
920
100
AcDbEntity
8
0
100
AcDbPolyline
90
4
70
1
43
0.0
10
633.84896585740694
20
583.29592876244112
10
633.90287690856337
20
584.29447450428961
10
635.89996831344513
20
584.18665258345686
10
635.84605735064383
20
583.18810683683841
0
LWPOLYLINE
5
921
100
AcDbEntity
8
0
100
AcDbPolyline
90
4
70
1
43
0.0
10
686.50567541609303
20
629.60759938821877
10
686.45176445329173
20
628.60905364160033
10
684.45467296005495
20
628.71687556720303
10
684.50858401121127
20
629.71542130905152
0
LWPOLYLINE
5
922
100
AcDbEntity
8
0
100
AcDbPolyline
90
4
70
1
43
0.0
10
570.59183197909704
20
526.51974525648882
10
570.64574303025347
20
527.51829099833731
10
572.64283443513523
20
527.41046907750456
10
572.58892347233393
20
526.41192333088611
0
LWPOLYLINE
5
923
100
AcDbEntity
8
0
100
AcDbPolyline
90
4
70
1
43
0.0
10
610.54320379931983
20
560.47763343445763
10
608.54611230608305
20
560.58545536006034
10
608.60002335723937
20
561.58400110190871
10
610.59711476212112
20
561.47617918107596
0
LWPOLYLINE
5
924
100
AcDbEntity
8
0
100
AcDbPolyline
90
4
70
1
43
0.0
10
646.50039263306905
20
594.65116546363163
10
646.55430368422549
20
595.64971120548012
10
648.55139508910713
20
595.54188928464737
10
648.49748412630572
20
594.54334353802892
0
LWPOLYLINE
5
925
100
AcDbEntity
8
0
100
AcDbPolyline
90
4
70
1
43
0.0
10
623.24854153778324
20
572.83141588226636
10
623.19463057498172
20
571.83287013564791
10
621.19753908174494
20
571.94069206125062
10
621.25145013290137
20
572.93923780309922
0
LWPOLYLINE
5
926
100
AcDbEntity
8
0
100
AcDbPolyline
90
4
70
1
43
0.0
10
474.8489060896963
20
456.66696955102509
10
472.85003620995235
20
456.73419457502257
10
472.88364881038461
20
457.73362951192075
10
474.88251860169498
20
457.66640449089709
0
LWPOLYLINE
5
927
100
AcDbEntity
8
0
100
AcDbPolyline
90
4
70
1
43
0.0
10
499.6851311947305
20
479.88683007024576
10
497.6862613149865
20
479.95405509424324
10
497.71987391541893
20
480.95349003114154
10
499.71874370672936
20
480.88626501011782
0
LWPOLYLINE
5
928
100
AcDbEntity
8
0
100
AcDbPolyline
90
4
70
1
43
0.0
10
460.46553625786748
20
446.12369925231053
10
462.46440604917791
20
446.05647423128676
10
462.43079353717906
20
445.05703929141464
10
460.43192365743499
20
445.12426431541206
0
LWPOLYLINE
5
929
100
AcDbEntity
8
0
100
AcDbPolyline
90
4
70
1
43
0.0
10
448.04742370535041
20
434.51376899270008
10
450.04629349666072
20
434.44654397167642
10
450.01268098466198
20
433.4471090318043
10
448.01381110491798
20
433.51433405580178
0
LWPOLYLINE
5
930
100
AcDbEntity
8
0
100
AcDbPolyline
90
4
70
1
43
0.0
10
547.35871152505513
20
526.39377613268471
10
547.39232412548745
20
527.39321106958289
10
549.39119391679787
20
527.32598604855912
10
549.35758140479902
20
526.32655110868711
0
LWPOLYLINE
5
931
100
AcDbEntity
8
0
100
AcDbPolyline
90
4
70
1
43
0.0
10
534.94059897253794
20
514.78384587307437
10
534.97421157297038
20
515.78328080997255
10
536.97308136428069
20
515.71605578894878
10
536.93946885228206
20
514.71662084907678
0
LWPOLYLINE
5
932
100
AcDbEntity
8
0
100
AcDbPolyline
90
4
70
1
43
0.0
10
683.99156220317593
20
655.10244392529671
10
685.99043199448647
20
655.03521890427305
10
685.95681948248762
20
654.03578396440093
10
683.95794960274372
20
654.10300898839864
0
LWPOLYLINE
5
933
100
AcDbEntity
8
0
100
AcDbPolyline
90
4
70
1
43
0.0
10
487.30063115421217
20
469.27633475050743
10
487.26701864221332
20
468.27689981063531
10
485.26814876246937
20
468.34412483463279
10
485.30176136290174
20
469.34355977153109
0
LWPOLYLINE
5
934
100
AcDbEntity
8
0
100
AcDbPolyline
90
4
70
1
43
0.0
10
435.62931115283322
20
422.90383873308974
10
437.62818094414365
20
422.83661371206597
10
437.5945684321448
20
421.83717877219397
10
435.59569855240085
20
421.90440379619145
0
LWPOLYLINE
5
935
100
AcDbEntity
8
0
100
AcDbPolyline
90
4
70
1
43
0.0
10
522.55609902045319
20
504.17335055036227
10
524.55496881176362
20
504.10612552933856
10
524.52135629976476
20
503.10669058946633
10
522.52248642002075
20
503.17391561346392
0
LWPOLYLINE
5
936
100
AcDbEntity
8
0
100
AcDbPolyline
90
4
70
1
43
0.0
10
696.3760621552608
20
665.71293924800898
10
696.40967475569312
20
666.71237418490716
10
698.40854454700366
20
666.64514916388339
10
698.3749320350048
20
665.6457142240115
0
LWPOLYLINE
5
937
100
AcDbEntity
8
0
100
AcDbPolyline
90
4
70
1
43
0.0
10
572.19493663008939
20
549.61363665190538
10
572.22854923052182
20
550.61307158880368
10
574.22741902183225
20
550.54584656778002
10
574.19380650983339
20
549.54641162790779
0
LWPOLYLINE
5
938
100
AcDbEntity
8
0
100
AcDbPolyline
90
4
70
1
43
0.0
10
512.10324374724769
20
491.4967603298561
10
510.10437386750368
20
491.56398535385358
10
510.13798646793612
20
492.56342029075188
10
512.13685625924643
20
492.49619526972816
0
LWPOLYLINE
5
939
100
AcDbEntity
8
0
100
AcDbPolyline
90
4
70
1
43
0.0
10
586.61191906235058
20
561.15634188751824
10
584.61304918260657
20
561.22356691151572
10
584.64666178303889
20
562.22300184841401
10
586.64553157434943
20
562.15577682739035
0
LWPOLYLINE
5
940
100
AcDbEntity
8
0
100
AcDbPolyline
90
4
70
1
43
0.0
10
659.12172449770947
20
630.88314846917785
10
659.15533709814167
20
631.88258340607615
10
661.15420688945221
20
631.81535838505249
10
661.12059437745347
20
630.81592344518049
0
LWPOLYLINE
5
941
100
AcDbEntity
8
0
100
AcDbPolyline
90
4
70
1
43
0.0
10
648.73609433693503
20
620.20542812544204
10
648.7024818249364
20
619.20599318556992
10
646.70361194519228
20
619.27321820956752
10
646.73722454562471
20
620.27265314646581
0
LWPOLYLINE
5
942
100
AcDbEntity
8
0
100
AcDbPolyline
90
4
70
1
43
0.0
10
621.86738684015791
20
596.05335769034684
10
621.90099944059034
20
597.05279262724503
10
623.89986923190077
20
596.98556760622137
10
623.86625671990191
20
595.98613266634925
0
LWPOLYLINE
5
943
100
AcDbEntity
8
0
100
AcDbPolyline
90
4
70
1
43
0.0
10
673.57231944196928
20
643.42528864466271
10
673.53870692997043
20
642.4258537047906
10
671.53983705022654
20
642.49307872878819
10
671.57344965065886
20
643.49251366568637
0
LWPOLYLINE
5
944
100
AcDbEntity
8
0
100
AcDbPolyline
90
4
70
1
43
0.0
10
559.7768240775722
20
538.00370639229504
10
559.81043667800463
20
539.00314132919323
10
561.80930646931506
20
538.93591630816957
10
561.77569395731621
20
537.93648136829745
0
LWPOLYLINE
5
945
100
AcDbEntity
8
0
100
AcDbPolyline
90
4
70
1
43
0.0
10
599.03003161486777
20
572.76627214712857
10
597.03116173512376
20
572.83349717112617
10
597.06477433555608
20
573.83293210802424
10
599.06364412686639
20
573.76570708700058
0
LWPOLYLINE
5
946
100
AcDbEntity
8
0
100
AcDbPolyline
90
4
70
1
43
0.0
10
634.28549939267509
20
607.66328794995718
10
634.31911199310753
20
608.66272288685548
10
636.31798178441795
20
608.5954978658317
10
636.2843692724191
20
607.59606292595959
0
LWPOLYLINE
5
947
100
AcDbEntity
8
0
100
AcDbPolyline
90
4
70
1
43
0.0
10
611.48175667938358
20
585.37563734661103
10
611.44814416738473
20
584.37620240673891
10
609.44927428764083
20
584.44342743073639
10
609.48288688807315
20
585.44286236763469
0
LWPOLYLINE
5
948
100
AcDbEntity
8
0
100
AcDbPolyline
90
4
70
1
43
0.0
10
465.47285007037078
20
466.22015243966479
10
463.47302697312495
20
466.2467528103727
10
463.4863272469546
20
467.24666435781904
10
465.48615025572451
20
467.22006398828768
0
LWPOLYLINE
5
949
100
AcDbEntity
8
0
100
AcDbPolyline
90
4
70
1
43
0.0
10
489.83219389406145
20
489.9398145046946
10
487.83237079681561
20
489.96641487540251
10
487.84567107064549
20
490.96632642284902
10
489.84549407941535
20
490.9397260533176
0
LWPOLYLINE
5
950
100
AcDbEntity
8
0
100
AcDbPolyline
90
4
70
1
43
0.0
10
451.30665533510927
20
455.38683332530422
10
453.30647834387923
20
455.3602329557728
10
453.29317815852517
20
454.36032140714974
10
451.29335506127944
20
454.38692177785765
0
LWPOLYLINE
5
951
100
AcDbEntity
8
0
100
AcDbPolyline
90
4
70
1
43
0.0
10
439.12698342326394
20
443.52700229278923
10
441.12680643203385
20
443.50040192325787
10
441.11350624667989
20
442.50049037463492
10
439.11368314943411
20
442.52709074534278
0
LWPOLYLINE
5
952
100
AcDbEntity
8
0
100
AcDbPolyline
90
4
70
1
43
0.0
10
536.55105844419722
20
537.40573900546235
10
536.56435871802705
20
538.4056505529087
10
538.56418172679696
20
538.37905018337733
10
538.550881541443
20
537.37913863475433
0
LWPOLYLINE
5
953
100
AcDbEntity
8
0
100
AcDbPolyline
90
4
70
1
43
0.0
10
524.37138653235183
20
525.54590797294748
10
524.38468680618155
20
526.54581952039382
10
526.38450981495157
20
526.51921915086245
10
526.37120962959773
20
525.51930760223956
0
LWPOLYLINE
5
954
100
AcDbEntity
8
0
100
AcDbPolyline
90
4
70
1
43
0.0
10
670.54074974832633
20
668.86379191057301
10
672.54057275709624
20
668.83719154104165
10
672.5272725717424
20
667.83727999241876
10
670.52744947449673
20
667.86388036312678
0
LWPOLYLINE
5
955
100
AcDbEntity
8
0
100
AcDbPolyline
90
4
70
1
43
0.0
10
477.66582216756996
20
479.07989502080261
10
477.65252198221606
20
478.07998347217966
10
475.65269888497022
20
478.10658384288757
10
475.66599915880005
20
479.10649539033409
0
LWPOLYLINE
5
956
100
AcDbEntity
8
0
100
AcDbPolyline
90
4
70
1
43
0.0
10
426.94731151141855
20
431.6671712602743
10
428.9471345201884
20
431.64057089074288
10
428.9338343348345
20
430.64065934211987
10
426.93401123758866
20
430.66725971282784
0
LWPOLYLINE
5
957
100
AcDbEntity
8
0
100
AcDbPolyline
90
4
70
1
43
0.0
10
512.20501489433627
20
514.68598848787894
10
514.20483790310618
20
514.65938811834758
10
514.19153771775223
20
513.65947656972446
10
512.19171462050645
20
513.68607694043237
0
LWPOLYLINE
5
958
100
AcDbEntity
8
0
100
AcDbPolyline
90
4
70
1
43
0.0
10
682.70712138634212
20
679.72371139564177
10
682.72042166017172
20
680.723622943088
10
684.72024466894163
20
680.69702257355652
10
684.70694448358768
20
679.69711102493375
0
LWPOLYLINE
5
959
100
AcDbEntity
8
0
100
AcDbPolyline
90
4
70
1
43
0.0
10
560.910402267888
20
561.12540107049222
10
560.92370254171783
20
562.12531261793868
10
562.92352555048774
20
562.09871224840731
10
562.91022536513378
20
561.09880069978431
0
LWPOLYLINE
5
960
100
AcDbEntity
8
0
100
AcDbPolyline
90
4
70
1
43
0.0
10
502.01186580590684
20
501.79964553720959
10
500.01204270866106
20
501.8262459079175
10
500.02534298249088
20
502.82615745536395
10
502.02516599126079
20
502.79955708583259
0
LWPOLYLINE
5
961
100
AcDbEntity
8
0
100
AcDbPolyline
90
4
70
1
43
0.0
10
575.08989727697917
20
572.9586317322993
10
573.09007417973351
20
572.98523210300709
10
573.10337445356322
20
573.98514365045367
10
575.10319746233324
20
573.95854328092219
0
LWPOLYLINE
5
962
100
AcDbEntity
8
0
100
AcDbPolyline
90
4
70
1
43
0.0
10
646.16810565080584
20
644.1442182980968
10
646.18140592463556
20
645.14412984554326
10
648.18122893340558
20
645.11752947601178
10
648.16792874805162
20
644.11761792738901
0
LWPOLYLINE
5
963
100
AcDbEntity
8
0
100
AcDbPolyline
90
4
70
1
43
0.0
10
636.00155702156019
20
633.25769844349691
10
635.98825683620612
20
632.25778689487402
10
633.98843373896034
20
632.28438726558193
10
634.00173401279028
20
633.28429881302827
0
LWPOLYLINE
5
964
100
AcDbEntity
8
0
100
AcDbPolyline
90
4
70
1
43
0.0
10
609.62908991526956
20
608.56472520055195
10
609.64239018909939
20
609.56463674799841
10
611.6422131978693
20
609.53803637846704
10
611.62891301251545
20
608.53812482984404
0
LWPOLYLINE
5
965
100
AcDbEntity
8
0
100
AcDbPolyline
90
4
70
1
43
0.0
10
660.36090084525085
20
656.97736050852666
10
660.34760065989701
20
655.97744895990388
10
658.34777756265123
20
656.00404933061168
10
658.36107783648094
20
657.00396087805814
0
LWPOLYLINE
5
966
100
AcDbEntity
8
0
100
AcDbPolyline
90
4
70
1
43
0.0
10
548.73073035604261
20
549.26557003797723
10
548.74403062987244
20
550.26548158542369
10
550.74385363864235
20
550.23888121589232
10
550.73055345328839
20
549.23896966726932
0
LWPOLYLINE
5
967
100
AcDbEntity
8
0
100
AcDbPolyline
90
4
70
1
43
0.0
10
587.26956918882468
20
584.81846276481417
10
585.2697460915789
20
584.84506313552208
10
585.28304636540861
20
585.84497468296854
10
587.28286937417852
20
585.81837431343706
0
LWPOLYLINE
5
968
100
AcDbEntity
8
0
100
AcDbPolyline
90
4
70
1
43
0.0
10
621.80876182711495
20
620.42455623306694
10
621.82206210094478
20
621.4244677805134
10
623.82188510971469
20
621.39786741098203
10
623.80858492436084
20
620.39795586235891
0
LWPOLYLINE
5
969
100
AcDbEntity
8
0
100
AcDbPolyline
90
4
70
1
43
0.0
10
599.46254128602391
20
597.67820534595205
10
599.44924110066995
20
596.67829379732905
10
597.44941800342417
20
596.70489416803696
10
597.462718277254
20
597.70480571548342
0
LWPOLYLINE
5
970
100
AcDbEntity
8
0
100
AcDbPolyline
90
4
70
1
43
0.0
10
455.90463858725695
20
475.58087136481907
10
453.90468783502024
20
475.56683610113163
10
453.8976702916579
20
476.56681147787128
10
455.89762095541323
20
476.58084674093737
0
LWPOLYLINE
5
971
100
AcDbEntity
8
0
100
AcDbPolyline
90
4
70
1
43
0.0
10
479.77704515961733
20
499.79054307766808
10
477.77709440738056
20
499.77650781398052
10
477.77007686401828
20
500.77648319072034
10
479.77002752777372
20
500.79051845378649
0
LWPOLYLINE
5
972
100
AcDbEntity
8
0
100
AcDbPolyline
90
4
70
1
43
0.0
10
441.96146700547774
20
464.46197562144681
10
443.96141766923313
20
464.4760108845129
10
443.96843530107674
20
463.47603550839443
10
441.96848454883991
20
463.46200024470699
0
LWPOLYLINE
5
973
100
AcDbEntity
8
0
100
AcDbPolyline
90
4
70
1
43
0.0
10
430.02526371929753
20
452.35713976502223
10
432.02521438305291
20
452.37117502808843
10
432.03223201489664
20
451.37119965197002
10
430.03228126265975
20
451.35716438828246
0
LWPOLYLINE
5
974
100
AcDbEntity
8
0
100
AcDbPolyline
90
4
70
1
43
0.0
10
525.52190755210142
20
548.19585123967863
10
525.51489000873914
20
549.19582661641834
10
527.51484067249453
20
549.20986187948461
10
527.52185830433814
20
548.20988650336619
0
LWPOLYLINE
5
975
100
AcDbEntity
8
0
100
AcDbPolyline
90
4
70
1
43
0.0
10
513.58570426592121
20
536.09101538325422
10
513.57868672255893
20
537.09099075999393
10
515.57863738631431
20
537.10502602305996
10
515.58565501815804
20
536.10505064694166
0
LWPOLYLINE
5
976
100
AcDbEntity
8
0
100
AcDbPolyline
90
4
70
1
43
0.0
10
656.81312615672141
20
682.34902103708816
10
658.81307682047679
20
682.36305630015431
10
658.82009445232052
20
681.36308092403601
10
656.82014370008358
20
681.34904566034845
0
LWPOLYLINE
5
977
100
AcDbEntity
8
0
100
AcDbPolyline
90
4
70
1
43
0.0
10
467.8338242415935
20
488.68568259736196
10
467.84084187343723
20
487.68570722124355
10
465.84089112120034
20
487.67167195755604
10
465.83387357783812
20
488.67164733429581
0
LWPOLYLINE
5
978
100
AcDbEntity
8
0
100
AcDbPolyline
90
4
70
1
43
0.0
10
418.08906043311731
20
440.25230390859775
10
420.08901109687264
20
440.26633917166384
10
420.09602872871642
20
439.26636379554543
10
418.09607797647959
20
439.25232853185798
0
LWPOLYLINE
5
979
100
AcDbEntity
8
0
100
AcDbPolyline
90
4
70
1
43
0.0
10
501.64248343637882
20
524.98615490356951
10
503.64243410013415
20
525.00019016663555
10
503.64945173197771
20
524.00021479051702
10
501.64950097974094
20
523.98617952682957
0
LWPOLYLINE
5
980
100
AcDbEntity
8
0
100
AcDbPolyline
90
4
70
1
43
0.0
10
668.75634698626391
20
693.45388151677298
10
668.74932944290151
20
694.45385689351269
10
670.74928010665701
20
694.46789215657896
10
670.75629773850085
20
693.46791678046043
0
LWPOLYLINE
5
981
100
AcDbEntity
8
0
100
AcDbPolyline
90
4
70
1
43
0.0
10
549.39431412446186
20
572.4055229525278
10
549.38729658109958
20
573.40549832926752
10
551.38724724485496
20
573.41953359233366
10
551.39426487669868
20
572.41955821621525
0
LWPOLYLINE
5
982
100
AcDbEntity
8
0
100
AcDbPolyline
90
4
70
1
43
0.0
10
491.7132484457976
20
511.89537893409261
10
489.71329769356083
20
511.8813436704051
10
489.70628015019855
20
512.88131904714487
10
491.70623081395388
20
512.89535431021102
0
LWPOLYLINE
5
983
100
AcDbEntity
8
0
100
AcDbPolyline
90
4
70
1
43
0.0
10
563.3304681628789
20
584.52439407263978
10
561.33051741064207
20
584.51035880895222
10
561.32349986727979
20
585.51033418569205
10
563.32345053103518
20
585.52436944875819
0
LWPOLYLINE
5
984
100
AcDbEntity
8
0
100
AcDbPolyline
90
4
70
1
43
0.0
10
632.94773712772326
20
657.13937394749951
10
632.94071958436109
20
658.13934932423922
10
634.94067024811648
20
658.15338458730537
10
634.9476878799602
20
657.15340921118695
0
LWPOLYLINE
5
985
100
AcDbEntity
8
0
100
AcDbPolyline
90
4
70
1
43
0.0
10
623.00446696193626
20
646.04854873088084
10
623.01148459377987
20
645.04857335476231
10
621.01153384154304
20
645.03453809107498
10
621.00451629818076
20
646.03451346781469
0
LWPOLYLINE
5
986
100
AcDbEntity
8
0
100
AcDbPolyline
90
4
70
1
43
0.0
10
597.13912726918261
20
620.82486637822581
10
597.13210972582044
20
621.82484175496563
10
599.13206038957571
20
621.83887701803178
10
599.13907802141944
20
620.83890164191325
0
LWPOLYLINE
5
987
100
AcDbEntity
8
0
100
AcDbPolyline
90
4
70
1
43
0.0
10
646.87687353429646
20
670.2582204437299
10
646.8838911661403
20
669.25824506761137
10
644.88394041390347
20
669.24420980392392
10
644.87692287054119
20
670.24418518066364
0
LWPOLYLINE
5
988
100
AcDbEntity
8
0
100
AcDbPolyline
90
4
70
1
43
0.0
10
537.45811083828153
20
560.30068709610316
10
537.45109329491936
20
561.30066247284299
10
539.45104395867475
20
561.31469773590902
10
539.45806159051835
20
560.31472235979072
0
LWPOLYLINE
5
989
100
AcDbEntity
8
0
100
AcDbPolyline
90
4
70
1
43
0.0
10
575.26667144905912
20
596.62922992906431
10
573.26672069682229
20
596.61519466537686
10
573.2597031534599
20
597.61517004211646
10
575.25965381721539
20
597.62920530518261
0
LWPOLYLINE
5
990
100
AcDbEntity
8
0
100
AcDbPolyline
90
4
70
1
43
0.0
10
609.07533055536283
20
632.92970223465034
10
609.06831301200066
20
633.92967761139016
10
611.06826367575604
20
633.9437128744562
10
611.07528130759977
20
632.9437374983379
0
LWPOLYLINE
5
991
100
AcDbEntity
8
0
100
AcDbPolyline
90
4
70
1
43
0.0
10
587.1958571033955
20
609.73404116160714
10
587.20287473523922
20
608.73406578548872
10
585.20292398300239
20
608.72003052180128
10
585.19590643964011
20
609.7200058985411
0
LWPOLYLINE
5
992
100
AcDbEntity
8
0
100
AcDbPolyline
90
4
70
1
43
0.0
10
446.14822156807895
20
484.74526205537927
10
444.14896877606003
20
484.69059695130278
10
444.12163631247216
20
485.69022334973107
10
446.12088901604068
20
485.74488845138876
0
LWPOLYLINE
5
993
100
AcDbEntity
8
0
100
AcDbPolyline
90
4
70
1
43
0.0
10
469.52383593547211
20
509.43494923336755
10
467.52458314345319
20
509.380284129291
10
467.49725067986549
20
510.37991052771935
10
469.49650338343389
20
510.43457562937709
0
LWPOLYLINE
5
994
100
AcDbEntity
8
0
100
AcDbPolyline
90
4
70
1
43
0.0
10
432.43382912877564
20
473.34537976073699
10
434.43308183234416
20
473.40004486239468
10
434.46041438438226
20
472.40041846638496
10
432.4611615923634
20
472.34575336230847
0
LWPOLYLINE
5
995
100
AcDbEntity
8
0
100
AcDbPolyline
90
4
70
1
43
0.0
10
420.74602194507906
20
461.00053617174274
10
422.74527464864752
20
461.05520127340048
10
422.77260720068574
20
460.05557487739088
10
420.77335440866682
20
460.00090977331439
0
LWPOLYLINE
5
996
100
AcDbEntity
8
0
100
AcDbPolyline
90
4
70
1
43
0.0
10
514.27581187823955
20
558.75965848526766
10
514.2484794146518
20
559.75928488369607
10
516.24773211822026
20
559.8139499853537
10
516.27506467025853
20
558.81432358934421
0
LWPOLYLINE
5
997
100
AcDbEntity
8
0
100
AcDbPolyline
90
4
70
1
43
0.0
10
502.58800469454309
20
546.41481489627358
10
502.56067223095522
20
547.41444129470187
10
504.55992493452362
20
547.46910639635962
10
504.58725748656201
20
546.46948000035013
0
LWPOLYLINE
5
998
100
AcDbEntity
8
0
100
AcDbPolyline
90
4
70
1
43
0.0
10
642.81435843531438
20
695.55256436263198
10
644.81361113888283
20
695.60722946428939
10
644.84094369092122
20
694.6076030682799
10
642.84169089890213
20
694.55293796420347
0
LWPOLYLINE
5
999
100
AcDbEntity
8
0
100
AcDbPolyline
90
4
70
1
43
0.0
10
457.80869619973726
20
498.08973204038296
10
457.83602875177553
20
497.09010564437335
10
455.83677595975655
20
497.03544054029686
10
455.8094434961688
20
498.03506693872521
0
LWPOLYLINE
5
1000
100
AcDbEntity
8
0
100
AcDbPolyline
90
4
70
1
43
0.0
10
409.05821476138243
20
448.6556925827486
10
411.05746746495095
20
448.71035768440635
10
411.08480001698916
20
447.71073128839674
10
409.08554722497024
20
447.65606618432025
0
LWPOLYLINE
5
1001
100
AcDbEntity
8
0
100
AcDbPolyline
90
4
70
1
43
0.0
10
490.87286504725864
20
535.06959770570779
10
492.87211775082716
20
535.12426280736554
10
492.89945030286526
20
534.12463641135582
10
490.90019751084634
20
534.06997130727927
0
LWPOLYLINE
5
1002
100
AcDbEntity
8
0
100
AcDbPolyline
90
4
70
1
43
0.0
10
654.52949808259871
20
706.89778155319777
10
654.50216561901107
20
707.89740795162606
10
656.50141832257941
20
707.95207305328358
10
656.5287508746178
20
706.95244665727409
0
LWPOLYLINE
5
1003
100
AcDbEntity
8
0
100
AcDbPolyline
90
4
70
1
43
0.0
10
537.65142624563282
20
583.44934566325594
10
537.62409378204507
20
584.44897206168434
10
539.62334648561352
20
584.50363716334209
10
539.6506790376518
20
583.50401076733249
0
LWPOLYLINE
5
1004
100
AcDbEntity
8
0
100
AcDbPolyline
90
4
70
1
43
0.0
10
481.21164311916868
20
521.77979282236174
10
479.21239032714982
20
521.72512771828519
10
479.18505786356206
20
522.7247541167136
10
481.18431056713052
20
522.77941921837123
0
LWPOLYLINE
5
1005
100
AcDbEntity
8
0
100
AcDbPolyline
90
4
70
1
43
0.0
10
551.33848622134838
20
595.84885435632668
10
549.3392334293294
20
595.79418925225025
10
549.31190096574164
20
596.79381565067854
10
551.3111536693101
20
596.84848075233629
0
LWPOLYLINE
5
1006
100
AcDbEntity
8
0
100
AcDbPolyline
90
4
70
1
43
0.0
10
619.46607653150909
20
669.86325078621519
10
619.43874406792122
20
670.86287718464359
10
621.43799677148979
20
670.91754228630123
10
621.46532932352795
20
669.91791589029162
0
LWPOLYLINE
5
1007
100
AcDbEntity
8
0
100
AcDbPolyline
90
4
70
1
43
0.0
10
609.7501895877931
20
658.57269869730703
10
609.77752213983138
20
657.57307230129754
10
607.7782693478124
20
657.51840719722111
10
607.75093688422464
20
658.5180335956494
0
LWPOLYLINE
5
1008
100
AcDbEntity
8
0
100
AcDbPolyline
90
4
70
1
43
0.0
10
584.40265498041913
20
632.82872001923261
10
584.37532251683149
20
633.82834641766101
10
586.37457522039983
20
633.88301151931864
10
586.40190777243811
20
632.88338512330915
0
LWPOLYLINE
5
1009
100
AcDbEntity
8
0
100
AcDbPolyline
90
4
70
1
43
0.0
10
633.12580395518626
20
683.26238587529531
10
633.15313650722453
20
682.26275947928571
10
631.15388371520555
20
682.20809437520927
10
631.1265512516178
20
683.20772077363767
0
LWPOLYLINE
5
1010
100
AcDbEntity
8
0
100
AcDbPolyline
90
4
70
1
43
0.0
10
525.96361906193624
20
571.10450207426186
10
525.93628659834837
20
572.10412847269015
10
527.93553930191695
20
572.1587935743479
10
527.96287185395511
20
571.15916717833829
0
LWPOLYLINE
5
1011
100
AcDbEntity
8
0
100
AcDbPolyline
90
4
70
1
43
0.0
10
563.02629340504495
20
608.19369794532088
10
561.02704061302597
20
608.13903284124433
10
560.99970814943822
20
609.13865923967262
10
562.99896085300668
20
609.19332434133037
0
LWPOLYLINE
5
1012
100
AcDbEntity
8
0
100
AcDbPolyline
90
4
70
1
43
0.0
10
596.09046216411582
20
645.17356360822691
10
596.06312970052807
20
646.1731900066552
10
598.06238240409652
20
646.22785510831295
10
598.0897149561348
20
645.22822871230335
0
LWPOLYLINE
5
1013
100
AcDbEntity
8
0
100
AcDbPolyline
90
4
70
1
43
0.0
10
574.68676803670326
20
621.53816793032456
10
574.71410058874153
20
620.53854153431496
10
572.71484779672255
20
620.48387643023841
10
572.6875153331348
20
621.48350282866681
0
LWPOLYLINE
5
1014
100
AcDbEntity
8
0
100
AcDbPolyline
90
4
70
1
43
0.0
10
436.20762663515018
20
493.70954128802043
10
434.20989713042758
20
493.61426891028111
10
434.16226102994102
20
494.61313366685772
10
436.15999044628046
20
494.70840604038165
0
LWPOLYLINE
5
1015
100
AcDbEntity
8
0
100
AcDbPolyline
90
4
70
1
43
0.0
10
459.07679892858931
20
518.86905158955426
10
457.07906942386666
20
518.77377921181494
10
457.03143332338021
20
519.77264396839178
10
459.02916273971971
20
519.8679163419157
0
LWPOLYLINE
5
1016
100
AcDbEntity
8
0
100
AcDbPolyline
90
4
70
1
43
0.0
10
422.72767488322154
20
482.03337851609086
10
424.72540429956098
20
482.12865088961473
10
424.77304048843047
20
481.12978613725329
10
422.77531098370787
20
481.03451375951397
0
LWPOLYLINE
5
1017
100
AcDbEntity
8
0
100
AcDbPolyline
90
4
70
1
43
0.0
10
411.29308873650189
20
469.45362336532384
10
413.29081815284133
20
469.5488957388477
10
413.33845434171099
20
468.55003098648638
10
411.34072483698839
20
468.45475860874706
0
LWPOLYLINE
5
1018
100
AcDbEntity
8
0
100
AcDbPolyline
90
4
70
1
43
0.0
10
502.81741401074498
20
569.09279981488294
10
502.76977791025854
20
570.09166457145966
10
504.76750732659804
20
570.18693694498359
10
504.81514351546764
20
569.18807219262226
0
LWPOLYLINE
5
1019
100
AcDbEntity
8
0
100
AcDbPolyline
90
4
70
1
43
0.0
10
491.3828278640255
20
556.51304466411602
10
491.33519176353894
20
557.51190942069275
10
493.33292117987838
20
557.60718179421656
10
493.38055736874816
20
556.60831704185534
0
LWPOLYLINE
5
1020
100
AcDbEntity
8
0
100
AcDbPolyline
90
4
70
1
43
0.0
10
628.55022552417404
20
708.46897122989662
10
630.54795494051348
20
708.56424360342044
10
630.59559112938314
20
707.56537885105899
10
628.59786162466048
20
707.47010647331979
0
LWPOLYLINE
5
1021
100
AcDbEntity
8
0
100
AcDbPolyline
90
4
70
1
43
0.0
10
447.59457659300006
20
507.28816119114867
10
447.64221278186966
20
506.28929643878729
10
445.64448327714706
20
506.19402406104797
10
445.59684717666062
20
507.19288881762475
0
LWPOLYLINE
5
1022
100
AcDbEntity
8
0
100
AcDbPolyline
90
4
70
1
43
0.0
10
399.85850258978235
20
456.87386821455681
10
401.85623200612179
20
456.96914058808079
10
401.90386819499139
20
455.97027583571935
10
399.90613869026873
20
455.87500345798003
0
LWPOLYLINE
5
1023
100
AcDbEntity
8
0
100
AcDbPolyline
90
4
70
1
43
0.0
10
479.90060561681946
20
544.93215426992583
10
481.8983350331589
20
545.02742664344976
10
481.94597122202845
20
544.0285618910882
10
479.94824171730579
20
543.93328951334888
0
LWPOLYLINE
5
1024
100
AcDbEntity
8
0
100
AcDbPolyline
90
4
70
1
43
0.0
10
640.03244777138025
20
720.04986162408682
10
639.98481167089358
20
721.04872638066354
10
641.98254108723302
20
721.14399875418735
10
642.03017727610268
20
720.14513400182614
0
LWPOLYLINE
5
1025
100
AcDbEntity
8
0
100
AcDbPolyline
90
4
70
1
43
0.0
10
525.68658630418417
20
594.25231011641688
10
525.63895020369773
20
595.25117487299372
10
527.63667962003728
20
595.34644724651764
10
527.68431580890683
20
594.3475824941562
0
LWPOLYLINE
5
1026
100
AcDbEntity
8
0
100
AcDbPolyline
90
4
70
1
43
0.0
10
470.51138507530885
20
531.44880674032129
10
468.51365557058625
20
531.35353436258197
10
468.46601947009981
20
532.3523991191588
10
470.4637488864393
20
532.44767149268273
0
LWPOLYLINE
5
1027
100
AcDbEntity
8
0
100
AcDbPolyline
90
4
70
1
43
0.0
10
539.11890195562637
20
606.92733764492323
10
537.12117245090383
20
606.83206526718391
10
537.07353635041738
20
607.83093002376074
10
539.07126576675682
20
607.92620239728467
0
LWPOLYLINE
5
1028
100
AcDbEntity
8
0
100
AcDbPolyline
90
4
70
1
43
0.0
10
605.7286893312214
20
682.31059617178585
10
605.68105323073485
20
683.30946092836268
10
607.67878264707429
20
683.40473330188638
10
607.72641883594395
20
682.40586854952517
0
LWPOLYLINE
5
1029
100
AcDbEntity
8
0
100
AcDbPolyline
90
4
70
1
43
0.0
10
596.24419650035475
20
670.82497815111947
10
596.29183268922441
20
669.82611339875814
10
594.29410318450175
20
669.73084102101893
10
594.24646708401531
20
670.72970577759565
0
LWPOLYLINE
5
1030
100
AcDbEntity
8
0
100
AcDbPolyline
90
4
70
1
43
0.0
10
571.42493089106256
20
644.57133071948488
10
571.37729479057612
20
645.5701954760616
10
573.37502420691555
20
645.66546784958541
10
573.42266039578521
20
644.6666030972242
0
LWPOLYLINE
5
1031
100
AcDbEntity
8
0
100
AcDbPolyline
90
4
70
1
43
0.0
10
619.11336879379394
20
695.98448845265341
10
619.16100498266348
20
694.98562370029208
10
617.16327547794083
20
694.89035132255276
10
617.11563937745439
20
695.88921607912948
0
LWPOLYLINE
5
1032
100
AcDbEntity
8
0
100
AcDbPolyline
90
4
70
1
43
0.0
10
514.25200015746464
20
581.67255496564985
10
514.20436405697819
20
582.67141972222669
10
516.20209347331763
20
582.76669209575061
10
516.24972966218718
20
581.76782734338917
0
LWPOLYLINE
5
1033
100
AcDbEntity
8
0
100
AcDbPolyline
90
4
70
1
43
0.0
10
550.55348810234602
20
619.50709279569026
10
548.55575859762337
20
619.41182041795093
10
548.50812249713692
20
620.41068517452766
10
550.50585191347636
20
620.50595754805147
0
LWPOLYLINE
5
1034
100
AcDbEntity
8
0
100
AcDbPolyline
90
4
70
1
43
0.0
10
582.85951703778221
20
657.15108587025179
10
582.81188093729565
20
658.14995062682874
10
584.80961035363509
20
658.24522300035244
10
584.85724654250475
20
657.24635824799111
0
LWPOLYLINE
5
1035
100
AcDbEntity
8
0
100
AcDbPolyline
90
4
70
1
43
0.0
10
561.9404380601959
20
633.0857126988185
10
561.98807424906556
20
632.08684794645717
10
559.99034474434302
20
631.99157556871785
10
559.94270864385646
20
632.99044032529468
0
LWPOLYLINE
5
1036
100
AcDbEntity
8
0
100
AcDbPolyline
90
4
70
1
43
0.0
10
426.08695744269937
20
502.47000844898332
10
424.09157592351153
20
502.33416812771173
10
424.0236558511549
20
503.33185889331571
10
426.01903728206355
20
503.46769920857707
0
LWPOLYLINE
5
1037
100
AcDbEntity
8
0
100
AcDbPolyline
90
4
70
1
43
0.0
10
448.44024686148498
20
528.08895558113522
10
446.44486534229719
20
527.95311525986369
10
446.37694526994068
20
528.95080602546784
10
448.37232670084927
20
529.0866463407292
0
LWPOLYLINE
5
1038
100
AcDbEntity
8
0
100
AcDbPolyline
90
4
70
1
43
0.0
10
412.84701114176215
20
490.52238532723982
10
414.84239257267069
20
490.65822564250118
10
414.91031273330634
20
489.6605348829072
10
412.91493121411855
20
489.52469456163556
0
LWPOLYLINE
5
1039
100
AcDbEntity
8
0
100
AcDbPolyline
90
4
70
1
43
0.0
10
401.67036643236929
20
477.71291176116381
10
403.66574786327783
20
477.84875207642517
10
403.73366802391359
20
476.85106131683119
10
401.73828650472569
20
476.71522099555966
0
LWPOLYLINE
5
1040
100
AcDbEntity
8
0
100
AcDbPolyline
90
4
70
1
43
0.0
10
491.15144417986869
20
579.19100952416773
10
491.08352410751218
20
580.18870028977187
10
493.07890553842071
20
580.32454060503323
10
493.14682569905648
20
579.32684984543937
0
LWPOLYLINE
5
1041
100
AcDbEntity
8
0
100
AcDbPolyline
90
4
70
1
43
0.0
10
479.97479947047589
20
566.38153595809183
10
479.90687939811926
20
567.37922672369587
10
481.9022608290278
20
567.51506703895723
10
481.97018098966373
20
566.51737627936336
0
LWPOLYLINE
5
1042
100
AcDbEntity
8
0
100
AcDbPolyline
90
4
70
1
43
0.0
10
614.02661591083381
20
721.09290951660819
10
616.02199734174235
20
721.22874983186944
10
616.08991750237817
20
720.23105907227546
10
614.09453598319033
20
720.09521875100404
0
LWPOLYLINE
5
1043
100
AcDbEntity
8
0
100
AcDbPolyline
90
4
70
1
43
0.0
10
437.19568199145641
20
516.2771727746532
10
437.26360215209212
20
515.27948201505922
10
435.26822063290433
20
515.14364169378769
10
435.20030056054782
20
516.14133245939183
0
LWPOLYLINE
5
1044
100
AcDbEntity
8
0
100
AcDbPolyline
90
4
70
1
43
0.0
10
390.49372172297637
20
464.90343819508774
10
392.48910315388491
20
465.03927851034911
10
392.55702331452073
20
464.04158775075518
10
390.56164179533283
20
463.9057474294836
0
LWPOLYLINE
5
1045
100
AcDbEntity
8
0
100
AcDbPolyline
90
4
70
1
43
0.0
10
468.73023468872651
20
554.56975315761997
10
470.72561611963511
20
554.70559347288122
10
470.7935362802707
20
553.70790271328724
10
468.79815476108291
20
553.57206239201571
0
LWPOLYLINE
5
1046
100
AcDbEntity
8
0
100
AcDbPolyline
90
4
70
1
43
0.0
10
625.27118069258324
20
732.90469231708005
10
625.20326062022673
20
733.9023830826842
10
627.19864205113527
20
734.03822339794556
10
627.26656221177097
20
733.04053263835158
0
LWPOLYLINE
5
1047
100
AcDbEntity
8
0
100
AcDbPolyline
90
4
70
1
43
0.0
10
513.50473359865441
20
604.80995665631986
10
513.4368135262979
20
605.807647421924
10
515.43219495720655
20
605.94348773718525
10
515.50011511784226
20
604.94579697759139
0
LWPOLYLINE
5
1048
100
AcDbEntity
8
0
100
AcDbPolyline
90
4
70
1
43
0.0
10
459.61689157087795
20
540.89842914721135
10
457.62151005169011
20
540.7625888259397
10
457.55358997933365
20
541.76027959154385
10
459.54897141024219
20
541.89611990680521
0
LWPOLYLINE
5
1049
100
AcDbEntity
8
0
100
AcDbPolyline
90
4
70
1
43
0.0
10
526.67675982723517
20
617.75527054366751
10
524.68137830804733
20
617.61943022239586
10
524.61345823569081
20
618.61712098800001
10
526.60883966659947
20
618.75296130326137
0
LWPOLYLINE
5
1050
100
AcDbEntity
8
0
100
AcDbPolyline
90
4
70
1
43
0.0
10
591.74124656440461
20
694.47627161885191
10
591.67332649204809
20
695.47396238445629
10
593.66870792295674
20
695.60980269971753
10
593.73662808359245
20
694.61211194012344
0
LWPOLYLINE
5
1051
100
AcDbEntity
8
0
100
AcDbPolyline
90
4
70
1
43
0.0
10
582.49206321356371
20
682.80032913364153
10
582.55998337419953
20
681.80263837404755
10
580.56460185501169
20
681.6667980527759
10
580.49668178265517
20
682.66448881838016
0
LWPOLYLINE
5
1052
100
AcDbEntity
8
0
100
AcDbPolyline
90
4
70
1
43
0.0
10
558.21131243622597
20
656.04785092062389
10
558.14339236386945
20
657.04554168622803
10
560.13877379477799
20
657.1813820014894
10
560.20669395541381
20
656.18369124189542
0
LWPOLYLINE
5
1053
100
AcDbEntity
8
0
100
AcDbPolyline
90
4
70
1
43
0.0
10
604.84535263234943
20
708.41927626579354
10
604.91327279298525
20
707.42158550619945
10
602.91789127379741
20
707.28574518492792
10
602.84997120144089
20
708.28343595053207
0
LWPOLYLINE
5
1054
100
AcDbEntity
8
0
100
AcDbPolyline
90
4
70
1
43
0.0
10
502.32808888926161
20
592.00048309024385
10
502.26016881690504
20
592.99817385584799
10
504.25555024781369
20
593.13401417110924
10
504.3234704084494
20
592.13632341151538
0
LWPOLYLINE
5
1055
100
AcDbEntity
8
0
100
AcDbPolyline
90
4
70
1
43
0.0
10
537.85340453662809
20
630.56474410974351
10
535.85802301744025
20
630.42890378847187
10
535.79010294508362
20
631.42659455407602
10
537.78548437599216
20
631.56243486933727
0
LWPOLYLINE
5
1056
100
AcDbEntity
8
0
100
AcDbPolyline
90
4
70
1
43
0.0
10
569.38795714561888
20
668.85732448670001
10
569.32003707326226
20
669.85501525230416
10
571.31541850417091
20
669.99085556756552
10
571.38333866480662
20
668.99316480797143
0
LWPOLYLINE
5
1057
100
AcDbEntity
8
0
100
AcDbPolyline
90
4
70
1
43
0.0
10
548.96212908538507
20
644.37190843541327
10
549.03004924602089
20
643.37421767581941
10
547.03466772683305
20
643.23837735454788
10
546.96674765447653
20
644.23606812015214
0
LWPOLYLINE
5
1058
100
AcDbEntity
8
0
100
AcDbPolyline
90
4
70
1
43
0.0
10
415.79039198280981
20
511.02304706175369
10
413.79818217810515
20
510.84669487424833
10
413.71000617249132
20
511.8427997844031
10
415.70221588905702
20
512.01915196410607
0
LWPOLYLINE
5
1059
100
AcDbEntity
8
0
100
AcDbPolyline
90
4
70
1
43
0.0
10
437.61857069186033
20
537.09085506790848
10
435.62636088715573
20
536.91450288040312
10
435.53818488154201
20
537.91060779055795
10
437.5303945981077
20
538.08695997026086
0
LWPOLYLINE
5
1060
100
AcDbEntity
8
0
100
AcDbPolyline
90
4
70
1
43
0.0
10
402.79591681796609
20
498.80889578132582
10
404.78812653453184
20
498.98524796102868
10
404.87630262828441
20
497.98914305867612
10
402.88409282357975
20
497.81279087117082
0
LWPOLYLINE
5
1061
100
AcDbEntity
8
0
100
AcDbPolyline
90
4
70
1
43
0.0
10
391.88182746344074
20
485.77499177824836
10
393.8740371800065
20
485.95134395795128
10
393.96221327375912
20
484.95523905559884
10
391.97000346905446
20
484.77888686809354
0
LWPOLYLINE
5
1062
100
AcDbEntity
8
0
100
AcDbPolyline
90
4
70
1
43
0.0
10
479.28271830525694
20
589.05011889271259
10
479.19454229964322
20
590.04622380286753
10
481.18675201620897
20
590.22257598257045
10
481.27492810996159
20
589.22647108021795
0
LWPOLYLINE
5
1063
100
AcDbEntity
8
0
100
AcDbPolyline
90
4
70
1
43
0.0
10
468.36862895073176
20
576.01621488963542
10
468.28045294511787
20
577.01231979979013
10
470.27266266168363
20
577.18867197949305
10
470.36083875543636
20
576.19256707714067
0
LWPOLYLINE
5
1064
100
AcDbEntity
8
0
100
AcDbPolyline
90
4
70
1
43
0.0
10
599.24952519942167
20
733.419167836719
10
601.24173491598742
20
733.59552001642203
10
601.32991100974004
20
732.59941511406953
10
599.3377012050355
20
732.42306292656417
0
LWPOLYLINE
5
1065
100
AcDbEntity
8
0
100
AcDbPolyline
90
4
70
1
43
0.0
10
426.61630524358236
20
525.05305596718347
10
426.70448133733498
20
524.05695106483097
10
424.71227153263038
20
523.88059887732561
10
424.62409552701666
20
524.87670378748055
0
LWPOLYLINE
5
1066
100
AcDbEntity
8
0
100
AcDbPolyline
90
4
70
1
43
0.0
10
380.9677381089154
20
472.74108777517091
10
382.95994782548115
20
472.91743995487388
10
383.04812391923377
20
471.92133505252144
10
381.05591411452912
20
471.74498286501603
0
LWPOLYLINE
5
1067
100
AcDbEntity
8
0
100
AcDbPolyline
90
4
70
1
43
0.0
10
457.36636359059264
20
563.97841579671285
10
459.35857330715839
20
564.15476797641577
10
459.4467494009109
20
563.15866307406316
10
457.45453959620636
20
562.9823108865578
0
LWPOLYLINE
5
1068
100
AcDbEntity
8
0
100
AcDbPolyline
90
4
70
1
43
0.0
10
610.25179055956073
20
745.45696692964168
10
610.16361455394701
20
746.45307183979639
10
612.15582427051277
20
746.62942401949931
10
612.24400036426539
20
745.63331911714704
0
LWPOLYLINE
5
1069
100
AcDbEntity
8
0
100
AcDbPolyline
90
4
70
1
43
0.0
10
501.11089701430762
20
615.11792689886761
10
501.02272100869385
20
616.11403180902244
10
503.01493072525955
20
616.29038398872535
10
503.10310681901228
20
615.29427908637285
0
LWPOLYLINE
5
1070
100
AcDbEntity
8
0
100
AcDbPolyline
90
4
70
1
43
0.0
10
448.53266004638567
20
550.12475907098587
10
446.54045024168107
20
549.94840688348052
10
446.45227423606735
20
550.94451179363534
10
448.44448395263305
20
551.12086397333826
0
LWPOLYLINE
5
1071
100
AcDbEntity
8
0
100
AcDbPolyline
90
4
70
1
43
0.0
10
514.01719617353763
20
628.32818308945025
10
512.02498636883297
20
628.151830901945
10
511.93681036321919
20
629.14793581209983
10
513.92902007978489
20
629.32428799180275
0
LWPOLYLINE
5
1072
100
AcDbEntity
8
0
100
AcDbPolyline
90
4
70
1
43
0.0
10
577.50952249598481
20
706.35525492040938
10
577.42134649037109
20
707.35135983056421
10
579.41355620693685
20
707.52771201026712
10
579.50173230068947
20
706.53160710791462
0
LWPOLYLINE
5
1073
100
AcDbEntity
8
0
100
AcDbPolyline
90
4
70
1
43
0.0
10
568.4994668524115
20
694.49380800718973
10
568.58764294616412
20
693.49770310483734
10
566.59543314145947
20
693.3213509173321
10
566.50725713584575
20
694.31745582748692
0
LWPOLYLINE
5
1074
100
AcDbEntity
8
0
100
AcDbPolyline
90
4
70
1
43
0.0
10
544.76725443240889
20
667.25354291117719
10
544.67907842679506
20
668.24964782133202
10
546.67128814336081
20
668.42600000103494
10
546.75946423711355
20
667.42989509868255
0
LWPOLYLINE
5
1075
100
AcDbEntity
8
0
100
AcDbPolyline
90
4
70
1
43
0.0
10
590.32764556146208
20
720.56161601334452
10
590.41582165521481
20
719.56551111099202
10
588.42361185051016
20
719.38915892348678
10
588.33543584489632
20
720.3852638336416
0
LWPOLYLINE
5
1076
100
AcDbEntity
8
0
100
AcDbPolyline
90
4
70
1
43
0.0
10
490.19680765978228
20
602.0840228957901
10
490.10863165416856
20
603.08012780594493
10
492.10084137073432
20
603.25647998564796
10
492.18901746448694
20
602.26037508329546
0
LWPOLYLINE
5
1077
100
AcDbEntity
8
0
100
AcDbPolyline
90
4
70
1
43
0.0
10
524.93128552806286
20
641.36208709252764
10
522.9390757233582
20
641.1857349050224
10
522.85089971774448
20
642.18183981517723
10
524.84310943431024
20
642.35819199488003
0
LWPOLYLINE
5
1078
100
AcDbEntity
8
0
100
AcDbPolyline
90
4
70
1
43
0.0
10
555.68134378693424
20
680.28744691425459
10
555.5931677813204
20
681.28355182440941
10
557.58537749788616
20
681.45990400411233
10
557.67355359163889
20
680.46379910175983
0
LWPOLYLINE
5
1079
100
AcDbEntity
8
0
100
AcDbPolyline
90
4
70
1
43
0.0
10
535.75719878883558
20
655.39209599795754
10
535.8453748825882
20
654.39599109560504
10
533.85316507788355
20
654.2196389080998
10
533.76498907226983
20
655.21574381825462
0
LWPOLYLINE
5
1080
100
AcDbEntity
8
0
100
AcDbPolyline
90
4
70
1
43
0.0
10
405.32218086066968
20
519.36512628000798
10
403.3339651900564
20
519.14833502758552
10
403.22556965180723
20
520.1424428724838
10
405.21378523445838
20
520.35923411531462
0
LWPOLYLINE
5
1081
100
AcDbEntity
8
0
100
AcDbPolyline
90
4
70
1
43
0.0
10
426.61623779993545
20
545.87103390580535
10
424.62802212932212
20
545.65424265338288
10
424.51962659107312
20
546.64835049828116
10
426.50784217372427
20
546.8651417411121
0
LWPOLYLINE
5
1082
100
AcDbEntity
8
0
100
AcDbPolyline
90
4
70
1
43
0.0
10
392.57854118217438
20
506.88948905958512
10
394.56675676482553
20
507.106280302416
10
394.6751523910367
20
506.11217246710913
10
392.68693672042332
20
505.89538121468672
0
LWPOLYLINE
5
1083
100
AcDbEntity
8
0
100
AcDbPolyline
90
4
70
1
43
0.0
10
381.93151271254146
20
493.63653524668644
10
383.91972829519261
20
493.85332648951726
10
384.02812392140385
20
492.85921865421051
10
382.03990825079052
20
492.6424274017881
0
LWPOLYLINE
5
1084
100
AcDbEntity
8
0
100
AcDbPolyline
90
4
70
1
43
0.0
10
467.21613600785372
20
598.66605790497772
10
467.10774046960472
20
599.660165749876
10
469.09595605225593
20
599.87695699270694
10
469.20435167846711
20
598.88284915740007
0
LWPOLYLINE
5
1085
100
AcDbEntity
8
0
100
AcDbPolyline
90
4
70
1
43
0.0
10
456.56910753822092
20
585.41310409207904
10
456.46071199997181
20
586.40721193697732
10
458.44892758262296
20
586.62400317980814
10
458.55732320883425
20
585.62989534450151
0
LWPOLYLINE
5
1086
100
AcDbEntity
8
0
100
AcDbPolyline
90
4
70
1
43
0.0
10
584.22505363556672
20
745.44265769176172
10
586.21326921821787
20
745.65944893459255
10
586.32166484442916
20
744.66534109928602
10
584.33344917381578
20
744.44854984686356
0
LWPOLYLINE
5
1087
100
AcDbEntity
8
0
100
AcDbPolyline
90
4
70
1
43
0.0
10
415.86081370409136
20
533.6121879282133
10
415.96920933030253
20
532.61808009290667
10
413.98099365968915
20
532.4012888404842
10
413.87259812144015
20
533.39539668538248
0
LWPOLYLINE
5
1088
100
AcDbEntity
8
0
100
AcDbPolyline
90
4
70
1
43
0.0
10
371.28448424290855
20
480.38358143378764
10
373.2726998255597
20
480.60037267661858
10
373.38109545177088
20
479.60626484131183
10
371.3928797811576
20
479.38947358888936
0
LWPOLYLINE
5
1089
100
AcDbEntity
8
0
100
AcDbPolyline
90
4
70
1
43
0.0
10
445.81368353033895
20
573.15425812407864
10
447.8018991129901
20
573.37104936690957
10
447.91029473920128
20
572.37694153160271
10
445.92207906858789
20
572.16015027918024
0
LWPOLYLINE
5
1090
100
AcDbEntity
8
0
100
AcDbPolyline
90
4
70
1
43
0.0
10
594.98047764344869
20
757.70150365976224
10
594.87208210519964
20
758.69561150466052
10
596.86029768785079
20
758.91240274749134
10
596.96869331406208
20
757.91829491218459
0
LWPOLYLINE
5
1091
100
AcDbEntity
8
0
100
AcDbPolyline
90
4
70
1
43
0.0
10
488.51019294711961
20
625.1719655307752
10
488.40179740887061
20
626.16607337567348
10
490.39001299152176
20
626.3828646185043
10
490.49840861773299
20
625.38875678319755
0
LWPOLYLINE
5
1092
100
AcDbEntity
8
0
100
AcDbPolyline
90
4
70
1
43
0.0
10
437.26326626956842
20
559.12398771870403
10
435.27505059895503
20
558.90719646628168
10
435.16665506070603
20
559.90130431117996
10
437.15487064335719
20
560.11809555401078
0
LWPOLYLINE
5
1093
100
AcDbEntity
8
0
100
AcDbPolyline
90
4
70
1
43
0.0
10
501.14543708736591
20
638.64171059609635
10
499.15722141675252
20
638.42491934367388
10
499.04882587850352
20
639.41902718857216
10
501.03704146115467
20
639.6358184314031
0
LWPOLYLINE
5
1094
100
AcDbEntity
8
0
100
AcDbPolyline
90
4
70
1
43
0.0
10
563.03939223455006
20
717.94264222106619
10
562.93099669630101
20
718.93675006596436
10
564.91921227895216
20
719.15354130879541
10
565.02760790516334
20
718.15943347348866
0
LWPOLYLINE
5
1095
100
AcDbEntity
8
0
100
AcDbPolyline
90
4
70
1
43
0.0
10
554.27218380931913
20
705.90058749589662
10
554.38057943553042
20
704.90647966058987
10
552.39236376491715
20
704.6896884081674
10
552.28396822666798
20
705.68379625306557
0
LWPOLYLINE
5
1096
100
AcDbEntity
8
0
100
AcDbPolyline
90
4
70
1
43
0.0
10
531.09830682565121
20
678.18378078237004
10
530.98991128740215
20
679.1778886272682
10
532.9781268700533
20
679.39467987009903
10
533.08652249626459
20
678.4005720347925
0
LWPOLYLINE
5
1097
100
AcDbEntity
8
0
100
AcDbPolyline
90
4
70
1
43
0.0
10
575.56624074858496
20
732.40649512169398
10
575.67463637479614
20
731.41238728638723
10
573.68642070418286
20
731.19559603396488
10
573.57802516593381
20
732.18970387886304
0
LWPOLYLINE
5
1098
100
AcDbEntity
8
0
100
AcDbPolyline
90
4
70
1
43
0.0
10
477.86316447748669
20
611.9190117178764
10
477.75476893923769
20
612.91311956277468
10
479.74298452188884
20
613.12991080560562
10
479.85138014810002
20
612.13580297029887
0
LWPOLYLINE
5
1099
100
AcDbEntity
8
0
100
AcDbPolyline
90
4
70
1
43
0.0
10
511.79246555699882
20
651.89466440899514
10
509.80424988638549
20
651.67787315657267
10
509.69585434813632
20
652.67198100147084
10
511.68406993078747
20
652.88877224430166
0
LWPOLYLINE
5
1100
100
AcDbEntity
8
0
100
AcDbPolyline
90
4
70
1
43
0.0
10
541.74533529528412
20
691.43673459526883
10
541.63693975703507
20
692.430842440167
10
543.62515533968622
20
692.64763368299782
10
543.73355096589751
20
691.65352584769107
0
LWPOLYLINE
5
1101
100
AcDbEntity
8
0
100
AcDbPolyline
90
4
70
1
43
0.0
10
522.33109840042039
20
666.14172605720046
10
522.43949402663156
20
665.14761822189371
10
520.45127835601829
20
664.93082696947124
10
520.34288281776924
20
665.92493481436941
0
LWPOLYLINE
5
1102
100
AcDbEntity
8
0
100
AcDbPolyline
90
4
70
1
43
0.0
10
394.68664553984615
20
527.49280234520916
10
392.7032447740828
20
527.23566152315095
10
392.57467445080283
20
528.22736191740933
10
394.55807512881699
20
528.48450272809077
0
LWPOLYLINE
5
1103
100
AcDbEntity
8
0
100
AcDbPolyline
90
4
70
1
43
0.0
10
415.43779014423524
20
554.42586748098108
10
413.45438937847183
20
554.16872665892288
10
413.32581905519191
20
555.16042705318125
10
415.30921973320602
20
555.41756786386281
0
LWPOLYLINE
5
1104
100
AcDbEntity
8
0
100
AcDbPolyline
90
4
70
1
43
0.0
10
382.1991021486084
20
514.76082934952342
10
384.18250282662251
20
515.01797016020487
10
384.31107323765156
20
514.02626977732302
10
382.32767247188826
20
513.76912895526482
0
LWPOLYLINE
5
1105
100
AcDbEntity
8
0
100
AcDbPolyline
90
4
70
1
43
0.0
10
371.82352984641386
20
501.2942967816374
10
373.80693052442803
20
501.55143759231885
10
373.93550093545713
20
500.55973720943717
10
371.95210016969378
20
500.30259638737891
0
LWPOLYLINE
5
1106
100
AcDbEntity
8
0
100
AcDbPolyline
90
4
70
1
43
0.0
10
454.95667858724983
20
608.03485693046673
10
454.82810826396991
20
609.02655732472522
10
456.81150894198413
20
609.28369813540667
10
456.94007935301323
20
608.29199775252505
0
LWPOLYLINE
5
1107
100
AcDbEntity
8
0
100
AcDbPolyline
90
4
70
1
43
0.0
10
444.58110628505545
20
594.56832436258094
10
444.45253596177542
20
595.5600247568392
10
446.43593663978953
20
595.81716556752076
10
446.5645070508188
20
594.82546518463914
0
LWPOLYLINE
5
1108
100
AcDbEntity
8
0
100
AcDbPolyline
90
4
70
1
43
0.0
10
568.95940358810958
20
757.1584155714711
10
570.94280426612374
20
757.41555638215254
10
571.0713746771529
20
756.42385599927093
10
569.08797391138955
20
756.16671517721272
0
LWPOLYLINE
5
1109
100
AcDbEntity
8
0
100
AcDbPolyline
90
4
70
1
43
0.0
10
404.93364743101148
20
541.95103529597679
10
405.06221784204064
20
540.95933491309506
10
403.07881707627729
20
540.70219409103674
10
402.95024675299737
20
541.69389448529523
0
LWPOLYLINE
5
1110
100
AcDbEntity
8
0
100
AcDbPolyline
90
4
70
1
43
0.0
10
361.44795754421932
20
487.82776421375132
10
363.43135822223348
20
488.08490502443283
10
363.55992863326259
20
487.0932046415511
10
361.57652786749918
20
486.83606381949289
0
LWPOLYLINE
5
1111
100
AcDbEntity
8
0
100
AcDbPolyline
90
4
70
1
43
0.0
10
434.07696365958094
20
582.09349218895329
10
436.06036433759505
20
582.35063299963474
10
436.18893474862421
20
581.35893261675301
10
434.2055339828608
20
581.1017917946948
0
LWPOLYLINE
5
1112
100
AcDbEntity
8
0
100
AcDbPolyline
90
4
70
1
43
0.0
10
579.4635462135841
20
769.63324774509874
10
579.33497589030412
20
770.62494813935712
10
581.31837656831829
20
770.88208895003856
10
581.44694697934744
20
769.89038856715695
0
LWPOLYLINE
5
1113
100
AcDbEntity
8
0
100
AcDbPolyline
90
4
70
1
43
0.0
10
475.70782319163891
20
634.96792206623877
10
475.57925286835905
20
635.95962246049726
10
477.56265354637316
20
636.21676327117871
10
477.69122395740226
20
635.22506288829709
0
LWPOLYLINE
5
1114
100
AcDbEntity
8
0
100
AcDbPolyline
90
4
70
1
43
0.0
10
425.81336244642966
20
567.8924000488671
10
423.82996168066632
20
567.63525922680878
10
423.7013913573864
20
568.62695962106727
10
425.68479203540056
20
568.88410043174883
0
LWPOLYLINE
5
1115
100
AcDbEntity
8
0
100
AcDbPolyline
90
4
70
1
43
0.0
10
488.0667962595968
20
648.69159545618299
10
486.08339549383345
20
648.43445463412479
10
485.95482517055353
20
649.42615502838316
10
487.9382258485677
20
649.68329583906484
0
LWPOLYLINE
5
1116
100
AcDbEntity
8
0
100
AcDbPolyline
90
4
70
1
43
0.0
10
548.33682930700058
20
729.2336500414408
10
548.20825898372061
20
730.22535043569917
10
550.19165966173477
20
730.48249124638073
10
550.32023007276393
20
729.490790863499
0
LWPOLYLINE
5
1117
100
AcDbEntity
8
0
100
AcDbPolyline
90
4
70
1
43
0.0
10
539.81608735954023
20
717.01595867849483
10
539.94465777056939
20
716.02425829561298
10
537.96125700480604
20
715.76711747355478
10
537.83268668152618
20
716.75881786781315
0
LWPOLYLINE
5
1118
100
AcDbEntity
8
0
100
AcDbPolyline
90
4
70
1
43
0.0
10
517.21011240041696
20
688.83405233778274
10
517.0815420771371
20
689.82575273204122
10
519.06494275515115
20
690.08289354272267
10
519.19351316618031
20
689.09119315984094
0
LWPOLYLINE
5
1119
100
AcDbEntity
8
0
100
AcDbPolyline
90
4
70
1
43
0.0
10
560.5672319639292
20
743.94902381426664
10
560.69580237495836
20
742.95732343138502
10
558.71240160919501
20
742.70018260932659
10
558.58383128591515
20
743.69188300358519
0
LWPOLYLINE
5
1120
100
AcDbEntity
8
0
100
AcDbPolyline
90
4
70
1
43
0.0
10
465.33225088944442
20
621.50138949835286
10
465.20368056616451
20
622.49308989261124
10
467.18708124417856
20
622.7502307032928
10
467.31565165520777
20
621.75853032041107
0
LWPOLYLINE
5
1121
100
AcDbEntity
8
0
100
AcDbPolyline
90
4
70
1
43
0.0
10
498.44236856179134
20
662.15812802406901
10
496.45896779602799
20
661.90098720201081
10
496.33039747274802
20
662.89268759626918
10
498.31379815076212
20
663.14982840695063
0
LWPOLYLINE
5
1122
100
AcDbEntity
8
0
100
AcDbPolyline
90
4
70
1
43
0.0
10
527.5856847026115
20
702.30058490566876
10
527.45711437933164
20
703.29228529992724
10
529.44051505734569
20
703.54942611060869
10
529.56908546837485
20
702.55772572772696
0
LWPOLYLINE
5
1123
100
AcDbEntity
8
0
100
AcDbPolyline
90
4
70
1
43
0.0
10
508.68937045295667
20
676.61636097483665
10
508.81794086398577
20
675.62466059195503
10
506.83454009822242
20
675.36751976989672
10
506.7059697749425
20
676.3592201641552
0
LWPOLYLINE
5
1124
100
AcDbEntity
8
0
100
AcDbPolyline
90
4
70
1
43
0.0
10
383.88817655830906
20
535.40272000825189
10
381.91040948047612
20
535.10533576885837
10
381.76171744827934
20
536.09421932093198
10
383.73948443861241
20
536.39160354716819
0
LWPOLYLINE
5
1125
100
AcDbEntity
8
0
100
AcDbPolyline
90
4
70
1
43
0.0
10
404.08784238658848
20
562.75182420611975
10
402.11007530875554
20
562.45443996672634
10
401.96138327655882
20
563.44332351879996
10
403.93915026689177
20
563.74070774503616
0
LWPOLYLINE
5
1126
100
AcDbEntity
8
0
100
AcDbPolyline
90
4
70
1
43
0.0
10
371.66188453413974
20
522.41966722199811
10
373.6396515244727
20
522.71705144823432
10
373.78834364416923
20
521.72816790931768
10
371.81057656633635
20
521.43078366992438
0
LWPOLYLINE
5
1127
100
AcDbEntity
8
0
100
AcDbPolyline
90
4
70
1
43
0.0
10
361.56205161999998
20
508.74511512306407
10
363.53981861033299
20
509.04249934930027
10
363.68851073002958
20
508.0536158103838
10
361.7107436521967
20
507.75623157099039
0
LWPOLYLINE
5
1128
100
AcDbEntity
8
0
100
AcDbPolyline
90
4
70
1
43
0.0
10
442.50940696531444
20
617.15264836246229
10
442.36071493311772
20
618.1415319145359
10
444.33848192345067
20
618.43891614077211
10
444.48717404314732
20
617.4500326018557
0
LWPOLYLINE
5
1129
100
AcDbEntity
8
0
100
AcDbPolyline
90
4
70
1
43
0.0
10
432.40957405117479
20
603.47809626352841
10
432.26088201897795
20
604.46697981560192
10
434.23864900931096
20
604.76436404183812
10
434.38734112900767
20
603.77548050292171
0
LWPOLYLINE
5
1130
100
AcDbEntity
8
0
100
AcDbPolyline
90
4
70
1
43
0.0
10
553.45887698865465
20
768.56160500280998
10
555.4366439789876
20
768.85898922904607
10
555.58533609868425
20
767.87010569012966
10
553.60756902085132
20
767.57272145073614
0
LWPOLYLINE
5
1131
100
AcDbEntity
8
0
100
AcDbPolyline
90
4
70
1
43
0.0
10
393.83931735275212
20
550.06615564610217
10
393.98800947244871
20
549.07727210718576
10
392.01024239461583
20
548.77988786779235
10
391.86155036241905
20
549.76877141986597
0
LWPOLYLINE
5
1132
100
AcDbEntity
8
0
100
AcDbPolyline
90
4
70
1
43
0.0
10
351.46221870586027
20
495.07056302413002
10
353.43998569619322
20
495.36794725036629
10
353.58867781588992
20
494.37906371144982
10
351.61091073805693
20
494.08167947205641
0
LWPOLYLINE
5
1133
100
AcDbEntity
8
0
100
AcDbPolyline
90
4
70
1
43
0.0
10
422.1610491048383
20
590.79242771666804
10
424.13881609517125
20
591.08981194290425
10
424.2875082148679
20
590.10092840398772
10
422.30974113703496
20
589.80354416459431
0
LWPOLYLINE
5
1134
100
AcDbEntity
8
0
100
AcDbPolyline
90
4
70
1
43
0.0
10
563.70740193499114
20
781.24727354967024
10
563.55870990279436
20
782.23615710174386
10
565.53647689312731
20
782.53354132798006
10
565.68516901282396
20
781.54465778906354
0
LWPOLYLINE
5
1135
100
AcDbEntity
8
0
100
AcDbPolyline
90
4
70
1
43
0.0
10
462.70907279359392
20
644.50175256033037
10
462.56038076139714
20
645.49063611240399
10
464.53814775173015
20
645.78802033864019
10
464.68683987142686
20
644.79913679972367
0
LWPOLYLINE
5
1136
100
AcDbEntity
8
0
100
AcDbPolyline
90
4
70
1
43
0.0
10
414.18767530072819
20
576.42637630505374
10
412.20990822289531
20
576.12899206566033
10
412.06121619069853
20
577.11787561773406
10
414.03898318103154
20
577.41525984397026
0
LWPOLYLINE
5
1137
100
AcDbEntity
8
0
100
AcDbPolyline
90
4
70
1
43
0.0
10
474.78667278556657
20
658.47368889865777
10
472.80890570773357
20
658.17630465926425
10
472.66021367553691
20
659.16518821133786
10
474.63798066586992
20
659.46257243757418
0
LWPOLYLINE
5
1138
100
AcDbEntity
8
0
100
AcDbPolyline
90
4
70
1
43
0.0
10
533.40790319257189
20
740.22361725286828
10
533.25921116037523
20
741.2125008049419
10
535.23697815070818
20
741.5098850311781
10
535.38567027040483
20
740.52100149226158
0
LWPOLYLINE
5
1139
100
AcDbEntity
8
0
100
AcDbPolyline
90
4
70
1
43
0.0
10
525.13714523656847
20
727.83533293224423
10
525.28583735626512
20
726.8464493933277
10
523.30807027843218
20
726.54906515393418
10
523.15937824623552
20
727.53794870600802
0
LWPOLYLINE
5
1140
100
AcDbEntity
8
0
100
AcDbPolyline
90
4
70
1
43
0.0
10
503.10840445015276
20
699.19996095606621
10
502.95971241795598
20
700.18884450813982
10
504.93747940828905
20
700.48622873437603
10
505.08617152798564
20
699.49734519545973
0
LWPOLYLINE
5
1141
100
AcDbEntity
8
0
100
AcDbPolyline
90
4
70
1
43
0.0
10
545.33681106484789
20
755.18443713011209
10
545.48550318454454
20
754.19555359119556
10
543.5077361067116
20
753.89816935180215
10
543.35904407451483
20
754.88705290387588
0
LWPOLYLINE
5
1142
100
AcDbEntity
8
0
100
AcDbPolyline
90
4
70
1
43
0.0
10
452.60923987945421
20
630.82720046139627
10
452.46054784725743
20
631.81608401347
10
454.43831483759038
20
632.11346823970621
10
454.58700695728709
20
631.12458470078968
0
LWPOLYLINE
5
1143
100
AcDbEntity
8
0
100
AcDbPolyline
90
4
70
1
43
0.0
10
484.88650569970628
20
672.14824099759176
10
482.90873862187334
20
671.85085675819835
10
482.76004658967656
20
672.83974031027185
10
484.73781358000957
20
673.13712453650805
0
LWPOLYLINE
5
1144
100
AcDbEntity
8
0
100
AcDbPolyline
90
4
70
1
43
0.0
10
513.20823736429247
20
712.87451305500031
10
513.05954533209569
20
713.86339660707392
10
515.03731232242876
20
714.16078083331013
10
515.18600444212541
20
713.1718972943936
0
LWPOLYLINE
5
1145
100
AcDbEntity
8
0
100
AcDbPolyline
90
4
70
1
43
0.0
10
494.83764649414928
20
686.81167663544215
10
494.98633861384587
20
685.82279309652563
10
493.00857153601299
20
685.52540885713233
10
492.85987950381633
20
686.51429240920595
0
LWPOLYLINE
5
1146
100
AcDbEntity
8
0
100
AcDbPolyline
90
4
70
1
43
0.0
10
372.93123171593896
20
543.09161391456848
10
370.95991478343035
20
542.75410902333829
10
370.79116242502982
20
543.73976750452471
10
372.76247927032381
20
544.07727238082271
0
LWPOLYLINE
5
1147
100
AcDbEntity
8
0
100
AcDbPolyline
90
4
70
1
43
0.0
10
392.57107998711433
20
570.84546697833605
10
390.59976305460572
20
570.50796208710597
10
390.43101069620525
20
571.4936205682925
10
392.40232754149929
20
571.83112544459038
0
LWPOLYLINE
5
1148
100
AcDbEntity
8
0
100
AcDbPolyline
90
4
70
1
43
0.0
10
360.97123828944223
20
529.86284097264092
10
362.94255513473615
20
530.20034584893881
10
363.11130758035119
20
529.21468738268447
10
361.13999064784258
20
528.87718249145428
0
LWPOLYLINE
5
1149
100
AcDbEntity
8
0
100
AcDbPolyline
90
4
70
1
43
0.0
10
351.15131415385451
20
515.98591444075714
10
353.12263099914844
20
516.32341931705491
10
353.29138344476354
20
515.33776085080069
10
351.32006651225493
20
515.0002559595705
0
LWPOLYLINE
5
1150
100
AcDbEntity
8
0
100
AcDbPolyline
90
4
70
1
43
0.0
10
429.87945959695651
20
626.01566821464132
10
429.71070723855604
20
627.00132669582797
10
431.68202408385008
20
627.33883157212586
10
431.85077652946512
20
626.35317310587152
0
LWPOLYLINE
5
1151
100
AcDbEntity
8
0
100
AcDbPolyline
90
4
70
1
43
0.0
10
420.05953546136885
20
612.13874168275754
10
419.89078310296833
20
613.12440016394407
10
421.86209994826237
20
613.46190504024196
10
422.03085239387747
20
612.47624657398774
0
LWPOLYLINE
5
1152
100
AcDbEntity
8
0
100
AcDbPolyline
90
4
70
1
43
0.0
10
537.7298727300207
20
779.64751854655037
10
539.70118957531474
20
779.98502342284826
10
539.8699420209299
20
778.99936495659392
10
537.89862508842123
20
778.66186006536384
0
LWPOLYLINE
5
1153
100
AcDbEntity
8
0
100
AcDbPolyline
90
4
70
1
43
0.0
10
382.58240340591152
20
557.95419891270649
10
382.75115585152662
20
556.96854044645215
10
380.779838919018
20
556.63103555522207
10
380.61108656061754
20
557.6166940364086
0
LWPOLYLINE
5
1154
100
AcDbEntity
8
0
100
AcDbPolyline
90
4
70
1
43
0.0
10
341.3313900182668
20
502.10898790887319
10
343.30270686356073
20
502.44649278517107
10
343.47145930917583
20
501.4608343189168
10
341.50014237666721
20
501.12332942768666
0
LWPOLYLINE
5
1155
100
AcDbEntity
8
0
100
AcDbPolyline
90
4
70
1
43
0.0
10
410.07085896738067
20
599.24747363206029
10
412.04217581267471
20
599.58497850835818
10
412.2109282582897
20
598.59932004210373
10
410.23961132578108
20
598.26181515087353
0
LWPOLYLINE
5
1156
100
AcDbEntity
8
0
100
AcDbPolyline
90
4
70
1
43
0.0
10
547.71854922400894
20
792.53878659724774
10
547.54979686560841
20
793.52444507843427
10
549.52111371090245
20
793.86194995473204
10
549.68986615651761
20
792.8762914884777
0
LWPOLYLINE
5
1157
100
AcDbEntity
8
0
100
AcDbPolyline
90
4
70
1
43
0.0
10
449.51930786813193
20
653.76952127840923
10
449.35055550973146
20
654.75517975959565
10
451.3218723550255
20
655.09268463589353
10
451.49062480064055
20
654.1070261696392
0
LWPOLYLINE
5
1158
100
AcDbEntity
8
0
100
AcDbPolyline
90
4
70
1
43
0.0
10
402.39100412270204
20
584.72239351021994
10
400.41968719019343
20
584.38488861898986
10
400.25093483179296
20
585.3705471001764
10
402.222251677087
20
585.70805197647428
0
LWPOLYLINE
5
1159
100
AcDbEntity
8
0
100
AcDbPolyline
90
4
70
1
43
0.0
10
461.31054893622826
20
667.98395270152309
10
459.33923200371964
20
667.64644781029301
10
459.17047964531918
20
668.63210629147954
10
461.14179649061322
20
668.96961116777743
0
LWPOLYLINE
5
1160
100
AcDbEntity
8
0
100
AcDbPolyline
90
4
70
1
43
0.0
10
518.25877681724592
20
750.90800700159616
10
518.09002445884539
20
751.89366548278269
10
520.06134130413943
20
752.23117035908058
10
520.23009374975447
20
751.24551189282624
0
LWPOLYLINE
5
1161
100
AcDbEntity
8
0
100
AcDbPolyline
90
4
70
1
43
0.0
10
510.24141716855172
20
738.35424382719668
10
510.41016961416682
20
737.36858536094235
10
508.4388526816582
20
737.03108046971238
10
508.27010032325768
20
738.0167389508988
0
LWPOLYLINE
5
1162
100
AcDbEntity
8
0
100
AcDbPolyline
90
4
70
1
43
0.0
10
488.79900441048272
20
709.27722740594459
10
488.63025205208226
20
710.26288588713101
10
490.6015688973763
20
710.60039076342889
10
490.77032134299134
20
709.61473229717456
0
LWPOLYLINE
5
1163
100
AcDbEntity
8
0
100
AcDbPolyline
90
4
70
1
43
0.0
10
529.88126543972703
20
766.10809689096425
10
530.05001788534207
20
765.12243842470991
10
528.07870095283351
20
764.78493353347994
10
527.90994859443299
20
765.77059201466659
0
LWPOLYLINE
5
1164
100
AcDbEntity
8
0
100
AcDbPolyline
90
4
70
1
43
0.0
10
439.69938373254422
20
639.89259474652522
10
439.53063137414375
20
640.87825322771187
10
441.50194821943779
20
641.21575810400964
10
441.67070066505283
20
640.2300996377553
0
LWPOLYLINE
5
1165
100
AcDbEntity
8
0
100
AcDbPolyline
90
4
70
1
43
0.0
10
471.13047307181597
20
681.86087923340688
10
469.15915613930741
20
681.52337434217702
10
468.99040378090683
20
682.50903282336321
10
470.96172062620087
20
682.8465376996611
0
LWPOLYLINE
5
1166
100
AcDbEntity
8
0
100
AcDbPolyline
90
4
70
1
43
0.0
10
498.61892854607049
20
723.15415393782837
10
498.45017618766997
20
724.13981241901502
10
500.42149303296401
20
724.47731729531279
10
500.59024547857905
20
723.49165882905845
0
LWPOLYLINE
5
1167
100
AcDbEntity
8
0
100
AcDbPolyline
90
4
70
1
43
0.0
10
480.78164476178858
20
696.72346423154511
10
480.95039720740363
20
695.73780576529077
10
478.97908027489501
20
695.40030087406069
10
478.81032791649454
20
696.38595935524722
0
LWPOLYLINE
5
1168
100
AcDbEntity
8
0
100
AcDbPolyline
90
4
70
1
43
0.0
10
361.82033423426759
20
550.5563099521255
10
359.85628124174269
20
550.17882373707516
10
359.66753822111053
20
551.16085025003849
10
361.63159112674236
20
551.53833644838789
0
LWPOLYLINE
5
1169
100
AcDbEntity
8
0
100
AcDbPolyline
90
4
70
1
43
0.0
10
380.89225726997984
20
578.70345459807254
10
378.92820427745482
20
578.3259683830222
10
378.73946125682278
20
579.30799489598576
10
380.70351416245467
20
579.68548109433505
0
LWPOLYLINE
5
1170
100
AcDbEntity
8
0
100
AcDbPolyline
90
4
70
1
43
0.0
10
350.1315767032545
20
537.08727792706509
10
352.09562960888633
20
537.46476412541449
10
352.28437271641144
20
536.48273762915187
10
350.32031972388643
20
536.10525141410142
0
LWPOLYLINE
5
1171
100
AcDbEntity
8
0
100
AcDbPolyline
90
4
70
1
43
0.0
10
340.59561518539829
20
523.01370560409157
10
342.55966809103018
20
523.39119180244086
10
342.74841119855529
20
522.40916530617835
10
340.78435820603039
20
522.03167909112801
0
LWPOLYLINE
5
1172
100
AcDbEntity
8
0
100
AcDbPolyline
90
4
70
1
43
0.0
10
417.07205034887932
20
634.62025767491639
10
416.88330732824727
20
635.60228418787983
10
418.8473602338791
20
635.97977038622935
10
419.03610334140421
20
634.99774388996673
0
LWPOLYLINE
5
1173
100
AcDbEntity
8
0
100
AcDbPolyline
90
4
70
1
43
0.0
10
407.53608883102333
20
620.54668535194287
10
407.34734581039112
20
621.52871186490631
10
409.31139871602295
20
621.90619806325572
10
409.50014182354823
20
620.92417156699321
0
LWPOLYLINE
5
1174
100
AcDbEntity
8
0
100
AcDbPolyline
90
4
70
1
43
0.0
10
521.77888402466453
20
790.41157974058888
10
523.74293693029642
20
790.78906593893839
10
523.93168003782159
20
789.80703944267577
10
521.96762704529669
20
789.42955322762543
0
LWPOLYLINE
5
1175
100
AcDbEntity
8
0
100
AcDbPolyline
90
4
70
1
43
0.0
10
371.16755264459846
20
565.61190877136153
10
371.35629575212369
20
564.62988227509891
10
369.39224275959873
20
564.25239606004857
10
369.20349973896668
20
565.23442257301213
0
LWPOLYLINE
5
1176
100
AcDbEntity
8
0
100
AcDbPolyline
90
4
70
1
43
0.0
10
331.05965366754219
20
508.94013328111794
10
333.02370657317402
20
509.31761947946734
10
333.21244968069919
20
508.33559298320472
10
331.2483966881743
20
507.95810676815444
0
LWPOLYLINE
5
1177
100
AcDbEntity
8
0
100
AcDbPolyline
90
4
70
1
43
0.0
10
397.81138429253508
20
607.45513954193279
10
399.77543719816697
20
607.8326257402822
10
399.96418030569203
20
606.85059924401958
10
398.00012731316707
20
606.47311302896924
0
LWPOLYLINE
5
1178
100
AcDbEntity
8
0
100
AcDbPolyline
90
4
70
1
43
0.0
10
531.50358856315279
20
803.50312555059895
10
531.31484554252074
20
804.48515206356251
10
533.27889844815263
20
804.86263826191191
10
533.4676415556778
20
803.88061176564929
0
LWPOLYLINE
5
1179
100
AcDbEntity
8
0
100
AcDbPolyline
90
4
70
1
43
0.0
10
436.14397338459162
20
662.76740232086354
10
435.95523036395952
20
663.74942883382698
10
437.91928326959135
20
664.12691503217627
10
438.10802637711652
20
663.14488853591388
0
LWPOLYLINE
5
1180
100
AcDbEntity
8
0
100
AcDbPolyline
90
4
70
1
43
0.0
10
390.42821878783593
20
592.77702692104617
10
388.46416579531103
20
592.39954070599572
10
388.27542277467893
20
593.38156721895928
10
390.23947568031076
20
593.75905341730868
0
LWPOLYLINE
5
1181
100
AcDbEntity
8
0
100
AcDbPolyline
90
4
70
1
43
0.0
10
447.64398789497272
20
677.2184608588874
10
445.67993490244771
20
676.84097464383717
10
445.49119188181572
20
677.82300115680061
10
447.4552447874475
20
678.2004873551499
0
LWPOLYLINE
5
1182
100
AcDbEntity
8
0
100
AcDbPolyline
90
4
70
1
43
0.0
10
502.89570400958445
20
761.2824085816784
10
502.70696098895246
20
762.26443509464184
10
504.67101389458429
20
762.64192129299136
10
504.8597570021094
20
761.65989479672874
0
LWPOLYLINE
5
1183
100
AcDbEntity
8
0
100
AcDbPolyline
90
4
70
1
43
0.0
10
495.13505237672808
20
748.56834897001772
10
495.32379548425325
20
747.58632247375522
10
493.35974249172835
20
747.20883625870488
10
493.17099947109625
20
748.19086277166832
0
LWPOLYLINE
5
1184
100
AcDbEntity
8
0
100
AcDbPolyline
90
4
70
1
43
0.0
10
474.28781945601605
20
719.06169161275773
10
474.09907643538406
20
720.04371812572117
10
476.06312934101589
20
720.42120432407057
10
476.25187244854101
20
719.43917782780795
0
LWPOLYLINE
5
1185
100
AcDbEntity
8
0
100
AcDbPolyline
90
4
70
1
43
0.0
10
514.20697541244033
20
776.71549361596476
10
514.3957185199655
20
775.73346711970214
10
512.4316655274406
20
775.35598090465191
10
512.24292250680844
20
776.33800741761536
0
LWPOLYLINE
5
1186
100
AcDbEntity
8
0
100
AcDbPolyline
90
4
70
1
43
0.0
10
426.60801186673547
20
648.69382999788991
10
426.41926884610342
20
649.67585651085346
10
428.38332175173525
20
650.05334270920275
10
428.57206485926042
20
649.07131621294025
0
LWPOLYLINE
5
1187
100
AcDbEntity
8
0
100
AcDbPolyline
90
4
70
1
43
0.0
10
457.17994941282882
20
691.29203318186103
10
455.21589642030386
20
690.91454696681069
10
455.02715339967176
20
691.89657347977402
10
456.99120630530359
20
692.27405967812342
0
LWPOLYLINE
5
1188
100
AcDbEntity
8
0
100
AcDbPolyline
90
4
70
1
43
0.0
10
483.8237809738722
20
733.13526393573125
10
483.63503795324016
20
734.1172904486948
10
485.59909085887199
20
734.4947766470442
10
485.78783396639716
20
733.51275015078159
0
LWPOLYLINE
5
1189
100
AcDbEntity
8
0
100
AcDbPolyline
90
4
70
1
43
0.0
10
466.52716782315969
20
706.34763200109705
10
466.71591093068486
20
705.36560550483443
10
464.75185793815996
20
704.98811928978409
10
464.56311491752786
20
705.97014580274754
0
LWPOLYLINE
5
1190
100
AcDbEntity
8
0
100
AcDbPolyline
90
4
70
1
43
0.0
10
350.560070889212
20
557.79372656175394
10
348.60409263264643
20
557.37641485590063
10
348.39543686625564
20
558.35440400264633
10
350.35141503628518
20
558.77171569003667
0
LWPOLYLINE
5
1191
100
AcDbEntity
8
0
100
AcDbPolyline
90
4
70
1
43
0.0
10
369.05619546073092
20
586.32254314840623
10
367.10021720416535
20
585.90523144255303
10
366.89156143777461
20
586.88322058929873
10
368.84753960780421
20
587.30053227668907
0
LWPOLYLINE
5
1192
100
AcDbEntity
8
0
100
AcDbPolyline
90
4
70
1
43
0.0
10
339.1473745804962
20
544.08999570932019
10
341.1033527505258
20
544.50730739671053
10
341.3120086034524
20
543.52931826842769
10
339.35603034688688
20
543.11200656257438
0
LWPOLYLINE
5
1193
100
AcDbEntity
8
0
100
AcDbPolyline
90
4
70
1
43
0.0
10
329.89931229473666
20
529.82558741599405
10
331.85529046476626
20
530.24289910338427
10
332.06394631769291
20
529.26490997510155
10
330.10796806112745
20
528.84759826924824
0
LWPOLYLINE
5
1194
100
AcDbEntity
8
0
100
AcDbPolyline
90
4
70
1
43
0.0
10
404.0924663472033
20
642.9628646158576
10
403.88381058081256
20
643.94085376260352
10
405.8397887508421
20
644.35816544999386
10
406.04844460376881
20
643.38017632171102
0
LWPOLYLINE
5
1195
100
AcDbEntity
8
0
100
AcDbPolyline
90
4
70
1
43
0.0
10
394.84440406144387
20
628.69845632253157
10
394.63574829505308
20
629.67644546927727
10
396.59172646508267
20
630.09375715666761
10
396.80038231800944
20
629.11576802838488
0
LWPOLYLINE
5
1196
100
AcDbEntity
8
0
100
AcDbPolyline
90
4
70
1
43
0.0
10
505.61249572416699
20
800.84934498919154
10
507.56847389419653
20
801.26665667658199
10
507.77712974712324
20
800.28866754829903
10
505.82115149055772
20
799.87135584244584
0
LWPOLYLINE
5
1197
100
AcDbEntity
8
0
100
AcDbPolyline
90
4
70
1
43
0.0
10
359.59947732204466
20
573.03612398336281
10
359.80813317497137
20
572.05813485507997
10
357.85215491840586
20
571.64082314922678
10
357.64349915201512
20
572.61881229597259
0
LWPOLYLINE
5
1198
100
AcDbEntity
8
0
100
AcDbPolyline
90
4
70
1
43
0.0
10
320.65125000897717
20
515.5611791226678
10
322.60722817900677
20
515.97849081005813
10
322.81588403193348
20
515.00050168177529
10
320.85990577536791
20
514.58318997592198
0
LWPOLYLINE
5
1199
100
AcDbEntity
8
0
100
AcDbPolyline
90
4
70
1
43
0.0
10
385.38768600929365
20
615.41203717595113
10
387.34366417932324
20
615.82934886334147
10
387.55232003224984
20
614.85135973505851
10
385.59634177568432
20
614.43404802920531
0
LWPOLYLINE
5
1200
100
AcDbEntity
8
0
100
AcDbPolyline
90
4
70
1
43
0.0
10
515.06921377631727
20
814.13576413577198
10
514.86055800992642
20
815.11375328251791
10
516.81653617995607
20
815.53106496990824
10
517.02519203288273
20
814.55307584162529
0
LWPOLYLINE
5
1201
100
AcDbEntity
8
0
100
AcDbPolyline
90
4
70
1
43
0.0
10
422.58859091872233
20
671.49168120251022
10
422.37993515233154
20
672.46967034925592
10
424.33591332236114
20
672.88698203664637
10
424.54456917528785
20
671.90899290836342
0
LWPOLYLINE
5
1202
100
AcDbEntity
8
0
100
AcDbPolyline
90
4
70
1
43
0.0
10
378.30425774649035
20
600.58695144173248
10
376.34827948992489
20
600.16963973587917
10
376.1396237235341
20
601.14762888262499
10
378.0956018935637
20
601.56494057001532
0
LWPOLYLINE
5
1203
100
AcDbEntity
8
0
100
AcDbPolyline
90
4
70
1
43
0.0
10
433.79263146104734
20
686.17340120168956
10
431.83665320448188
20
685.75608949583636
10
431.62799743809109
20
686.73407864258206
10
433.58397560812068
20
687.15139032997263
0
LWPOLYLINE
5
1204
100
AcDbEntity
8
0
100
AcDbPolyline
90
4
70
1
43
0.0
10
487.32502691903881
20
771.34253925579355
10
487.11637115264807
20
772.32052840253925
10
489.07234932267761
20
772.73784008992959
10
489.28100517560432
20
771.75985096164686
0
LWPOLYLINE
5
1205
100
AcDbEntity
8
0
100
AcDbPolyline
90
4
70
1
43
0.0
10
479.82428703691812
20
758.47343179660345
10
480.03294288984478
20
757.49544266832061
10
478.07696463327932
20
757.07813096246718
10
477.86830886688853
20
758.05612010921311
0
LWPOLYLINE
5
1206
100
AcDbEntity
8
0
100
AcDbPolyline
90
4
70
1
43
0.0
10
459.58084006176028
20
728.5493143758149
10
459.37218429536955
20
729.52730352256071
10
461.32816246539909
20
729.94461520995105
10
461.5368183183258
20
728.96662608166821
0
LWPOLYLINE
5
1207
100
AcDbEntity
8
0
100
AcDbPolyline
90
4
70
1
43
0.0
10
498.3204116084371
20
787.00224838325585
10
498.52906746136375
20
786.02425925497289
10
496.57308920479818
20
785.6069475491197
10
496.36443343840745
20
786.58493669586528
0
LWPOLYLINE
5
1208
100
AcDbEntity
8
0
100
AcDbPolyline
90
4
70
1
43
0.0
10
413.34052863296284
20
657.22727290918397
10
413.13187286657211
20
658.20526205592967
10
415.08785103660165
20
658.62257374332
10
415.29650688952836
20
657.64458461503727
0
LWPOLYLINE
5
1209
100
AcDbEntity
8
0
100
AcDbPolyline
90
4
70
1
43
0.0
10
443.04069374680688
20
700.43780949501581
10
441.08471549024136
20
700.02049778916262
10
440.87605972385052
20
700.99848693590832
10
442.83203789388011
20
701.41579862329866
0
LWPOLYLINE
5
1210
100
AcDbEntity
8
0
100
AcDbPolyline
90
4
70
1
43
0.0
10
468.82890234751977
20
742.81372266914104
10
468.62024658112898
20
743.79171181588686
10
470.57622475115863
20
744.20902350327719
10
470.78488060408529
20
743.23103437499435
0
LWPOLYLINE
5
1211
100
AcDbEntity
8
0
100
AcDbPolyline
90
4
70
1
43
0.0
10
452.08010017963954
20
715.6802069166248
10
452.28875603256625
20
714.70221778834184
10
450.33277777600074
20
714.28490608248865
10
450.12412200961001
20
715.26289522923446
0
LWPOLYLINE
5
1212
100
AcDbEntity
8
0
100
AcDbPolyline
90
4
70
1
43
0.0
10
339.15509011757138
20
564.80087600927118
10
337.20799405954659
20
564.34391108630257
10
336.97951168420514
20
565.3174591355322
10
338.92660765608701
20
565.77442403828354
0
LWPOLYLINE
5
1213
100
AcDbEntity
8
0
100
AcDbPolyline
90
4
70
1
43
0.0
10
357.06778069600466
20
593.69958733419537
10
355.12068463797988
20
593.24262241122676
10
354.89220226263853
20
594.21617046045651
10
356.83929823452041
20
594.67313536320785
0
LWPOLYLINE
5
1214
100
AcDbEntity
8
0
100
AcDbPolyline
90
4
70
1
43
0.0
10
328.02316639498855
20
550.86810347307016
10
329.97026236687043
20
551.3250683758215
10
330.19874482835462
20
550.35152034680891
10
328.25164877032984
20
549.8945554238403
0
LWPOLYLINE
5
1215
100
AcDbEntity
8
0
100
AcDbPolyline
90
4
70
1
43
0.0
10
319.06682110577185
20
536.41874781060801
10
321.01391707765367
20
536.87571271335935
10
321.24239953913798
20
535.90216468434687
10
319.29530348111319
20
535.44519976137826
0
LWPOLYLINE
5
1216
100
AcDbEntity
8
0
100
AcDbPolyline
90
4
70
1
43
0.0
10
390.94606579484656
20
651.04004506107526
10
390.71758341950527
20
652.01359311030501
10
392.66467939138704
20
652.47055801305623
10
392.8931618528714
20
651.49700998404387
0
LWPOLYLINE
5
1217
100
AcDbEntity
8
0
100
AcDbPolyline
90
4
70
1
43
0.0
10
381.98972050562992
20
636.59068939861322
10
381.76123813028852
20
637.56423744784286
10
383.7083341021704
20
638.02120235059408
10
383.93681656365482
20
637.04765432158183
0
LWPOLYLINE
5
1218
100
AcDbEntity
8
0
100
AcDbPolyline
90
4
70
1
43
0.0
10
489.23738160088874
20
810.95650539738836
10
491.18447757277056
20
811.41347030013958
10
491.41296003425487
20
810.43992227112722
10
489.46586397623003
20
809.98295734815872
0
LWPOLYLINE
5
1219
100
AcDbEntity
8
0
100
AcDbPolyline
90
4
70
1
43
0.0
10
347.88295294530371
20
580.22377970074569
10
348.11143540678802
20
579.25023167173322
10
346.16433934876318
20
578.79326674876461
10
345.93585697342183
20
579.76681479799436
0
LWPOLYLINE
5
1220
100
AcDbEntity
8
0
100
AcDbPolyline
90
4
70
1
43
0.0
10
310.11047581655521
20
521.96939214814597
10
312.05757178843697
20
522.4263570508972
10
312.28605424992134
20
521.45280902188472
10
310.3389581918965
20
520.99584409891611
0
LWPOLYLINE
5
1221
100
AcDbEntity
8
0
100
AcDbPolyline
90
4
70
1
43
0.0
10
372.80489284107193
20
623.11488178538082
10
374.75198881295375
20
623.57184668813215
10
374.98047127443795
20
622.59829865911956
10
373.03337521641316
20
622.14133373615095
0
LWPOLYLINE
5
1222
100
AcDbEntity
8
0
100
AcDbPolyline
90
4
70
1
43
0.0
10
498.42220926544667
20
824.43231301062087
10
498.19372689010544
20
825.40586105985062
10
500.1408228619872
20
825.86282596260173
10
500.36930532347156
20
824.88927793358937
0
LWPOLYLINE
5
1223
100
AcDbEntity
8
0
100
AcDbPolyline
90
4
70
1
43
0.0
10
408.85875637328002
20
679.93875638599957
10
408.63027399793862
20
680.91230443522932
10
410.57736996982044
20
681.36926933798054
10
410.8058524313048
20
680.39572130896818
0
LWPOLYLINE
5
1224
100
AcDbEntity
8
0
100
AcDbPolyline
90
4
70
1
43
0.0
10
366.02412598522136
20
608.14894299665752
10
364.07702992719658
20
607.69197807368892
10
363.84854755185523
20
608.66552612291866
10
365.79564352373711
20
609.12249102567
0
LWPOLYLINE
5
1225
100
AcDbEntity
8
0
100
AcDbPolyline
90
4
70
1
43
0.0
10
419.7621977205215
20
694.84507697143033
10
417.81510166249666
20
694.38811204846172
10
417.58661928715532
20
695.36166009769147
10
419.53371525903714
20
695.81862500044269
0
LWPOLYLINE
5
1226
100
AcDbEntity
8
0
100
AcDbPolyline
90
4
70
1
43
0.0
10
471.55317339779674
20
781.08424602323453
10
471.32469102245534
20
782.05779407246428
10
473.27178699433722
20
782.5147589752155
10
473.50026945582158
20
781.54121094620314
0
LWPOLYLINE
5
1227
100
AcDbEntity
8
0
100
AcDbPolyline
90
4
70
1
43
0.0
10
464.31544170512052
20
768.06540331275323
10
464.54392416660482
20
767.09185528374087
10
462.59682810858004
20
766.63489036077237
10
462.3683457332387
20
767.60843841000212
0
LWPOLYLINE
5
1228
100
AcDbEntity
8
0
100
AcDbPolyline
90
4
70
1
43
0.0
10
444.68413753014664
20
737.73617903584807
10
444.4556551548053
20
738.70972708507782
10
446.40275112668718
20
739.16669198782893
10
446.63123358817143
20
738.19314395881656
0
LWPOLYLINE
5
1229
100
AcDbEntity
8
0
100
AcDbPolyline
90
4
70
1
43
0.0
10
482.22813228355386
20
796.96411463767743
10
482.45661474503822
20
795.99056660866506
10
480.50951868701333
20
795.53360168569657
10
480.28103631167198
20
796.50714973492632
0
LWPOLYLINE
5
1230
100
AcDbEntity
8
0
100
AcDbPolyline
90
4
70
1
43
0.0
10
399.90241108406326
20
665.48940072353741
10
399.67392870872197
20
666.46294877276716
10
401.62102468060374
20
666.91991367551839
10
401.8495071420881
20
665.94636564650602
0
LWPOLYLINE
5
1231
100
AcDbEntity
8
0
100
AcDbPolyline
90
4
70
1
43
0.0
10
428.71854300973814
20
709.29443263389248
10
426.77144695171336
20
708.83746771092387
10
426.54296457637196
20
709.81101576015351
10
428.49006054825384
20
710.26798066290485
0
LWPOLYLINE
5
1232
100
AcDbEntity
8
0
100
AcDbPolyline
90
4
70
1
43
0.0
10
453.64048281936334
20
752.18553469831022
10
453.412000444022
20
753.15908274753997
10
455.35909641590388
20
753.61604765029119
10
455.58757887738813
20
752.64249962127883
0
LWPOLYLINE
5
1233
100
AcDbEntity
8
0
100
AcDbPolyline
90
4
70
1
43
0.0
10
437.44640583747048
20
724.71733632536689
10
437.67488829895478
20
723.74378829635452
10
435.72779224092994
20
723.28682337338591
10
435.49930986558866
20
724.26037142261566
0
LWPOLYLINE
5
1234
100
AcDbEntity
8
0
100
AcDbPolyline
90
4
70
1
43
0.0
10
327.6101000980708
20
571.57486561887072
10
325.67269003443874
20
571.07843612202703
10
325.42447537173126
20
572.04714117580636
10
327.36188534964896
20
572.54357065068666
0
LWPOLYLINE
5
1235
100
AcDbEntity
8
0
100
AcDbPolyline
90
4
70
1
43
0.0
10
344.93196200644593
20
600.83154178051245
10
342.99455194281381
20
600.33511228366888
10
342.74633728010645
20
601.30381733744821
10
344.68374725802414
20
601.80024681232862
0
LWPOLYLINE
5
1236
100
AcDbEntity
8
0
100
AcDbPolyline
90
4
70
1
43
0.0
10
316.76354441754381
20
557.41880309498561
10
318.70095439546151
20
557.91523256986579
10
318.94916914388324
20
556.94652753804962
10
317.01175908025107
20
556.45009804120605
0
LWPOLYLINE
5
1237
100
AcDbEntity
8
0
100
AcDbPolyline
90
4
70
1
43
0.0
10
308.10261346335619
20
542.79046501416462
10
310.04002344127389
20
543.28689448904481
10
310.28823818969568
20
542.31818945722875
10
308.35082812606356
20
541.82175996038518
0
LWPOLYLINE
5
1238
100
AcDbEntity
8
0
100
AcDbPolyline
90
4
70
1
43
0.0
10
377.63827575956407
20
658.84846460695269
10
377.3900610968567
20
659.81716966073191
10
379.32747107477434
20
660.31359913561232
10
379.57568582319618
20
659.34489410379615
0
LWPOLYLINE
5
1239
100
AcDbEntity
8
0
100
AcDbPolyline
90
4
70
1
43
0.0
10
368.97734480537656
20
644.22012652613171
10
368.72913014266908
20
645.18883157991104
10
370.66654012058677
20
645.68526105479134
10
370.91475486900862
20
644.71655602297528
0
LWPOLYLINE
5
1240
100
AcDbEntity
8
0
100
AcDbPolyline
90
4
70
1
43
0.0
10
472.66030159291984
20
820.72888854976213
10
474.59771157083753
20
821.22531802464255
10
474.84592631925932
20
820.25661299282649
10
472.90851625562721
20
819.76018349598291
0
LWPOLYLINE
5
1241
100
AcDbEntity
8
0
100
AcDbPolyline
90
4
70
1
43
0.0
10
336.02281630383652
20
587.17190873150764
10
336.27103105225837
20
586.20320369969147
10
334.33362098862625
20
585.70677420284801
10
334.08540632591888
20
586.67547925662734
0
LWPOLYLINE
5
1242
100
AcDbEntity
8
0
100
AcDbPolyline
90
4
70
1
43
0.0
10
299.44168250916863
20
528.16212693334364
10
301.37909248708633
20
528.65855640822383
10
301.62730723550811
20
527.68985137640789
10
299.689897171876
20
527.1934218795642
0
LWPOLYLINE
5
1243
100
AcDbEntity
8
0
100
AcDbPolyline
90
4
70
1
43
0.0
10
360.06819918848157
20
630.56049349909017
10
362.00560916639921
20
631.05692297397047
10
362.253823914821
20
630.08821794215419
10
360.31641385118888
20
629.59178844531061
0
LWPOLYLINE
5
1244
100
AcDbEntity
8
0
100
AcDbPolyline
90
4
70
1
43
0.0
10
481.56944720981483
20
834.3885215768039
10
481.3212325471074
20
835.35722663058311
10
483.25864252502515
20
835.85365610546341
10
483.50685727344688
20
834.88495107364747
0
LWPOLYLINE
5
1245
100
AcDbEntity
8
0
100
AcDbPolyline
90
4
70
1
43
0.0
10
394.96013766793919
20
688.10514076859465
10
394.71192300523177
20
689.07384582237387
10
396.64933298314952
20
689.57027529725428
10
396.89754773157125
20
688.601570265438
0
LWPOLYLINE
5
1246
100
AcDbEntity
8
0
100
AcDbPolyline
90
4
70
1
43
0.0
10
353.59289296063343
20
615.45987986133343
10
351.65548289700143
20
614.96345036448986
10
351.40726823429395
20
615.93215541826919
10
353.34467821221165
20
616.42858489314949
0
LWPOLYLINE
5
1247
100
AcDbEntity
8
0
100
AcDbPolyline
90
4
70
1
43
0.0
10
405.55847868575887
20
703.22990834625898
10
403.62106862212676
20
702.73347884941563
10
403.37285395941939
20
703.70218390319474
10
405.31026393733703
20
704.19861337807515
0
LWPOLYLINE
5
1248
100
AcDbEntity
8
0
100
AcDbPolyline
90
4
70
1
43
0.0
10
455.58665434725214
20
790.50350733434118
10
455.33843968454477
20
791.4722123881204
10
457.27584966246246
20
791.96864186300081
10
457.52406441088425
20
790.99993683118453
0
LWPOLYLINE
5
1249
100
AcDbEntity
8
0
100
AcDbPolyline
90
4
70
1
43
0.0
10
448.61491870827484
20
777.34030378217983
10
448.86313345669669
20
776.37159875036355
10
446.92572339306457
20
775.8751692535202
10
446.6775087303572
20
776.84387430729942
0
LWPOLYLINE
5
1250
100
AcDbEntity
8
0
100
AcDbPolyline
90
4
70
1
43
0.0
10
429.60386148468945
20
746.61849309187824
10
429.35564682198208
20
747.58719814565757
10
431.29305679989966
20
748.08362762053787
10
431.54127154832156
20
747.1149225887217
0
LWPOLYLINE
5
1251
100
AcDbEntity
8
0
100
AcDbPolyline
90
4
70
1
43
0.0
10
465.93678061664997
20
806.59697994382157
10
466.1849953650717
20
805.62827491200551
10
464.2475853014397
20
805.13184541516193
10
463.99937063873222
20
806.10055046894115
0
LWPOLYLINE
5
1252
100
AcDbEntity
8
0
100
AcDbPolyline
90
4
70
1
43
0.0
10
386.29920671375157
20
673.47680268777367
10
386.0509920510442
20
674.44550774155289
10
387.98840202896196
20
674.9419372164333
10
388.23661677738369
20
673.97323218461702
0
LWPOLYLINE
5
1253
100
AcDbEntity
8
0
100
AcDbPolyline
90
4
70
1
43
0.0
10
414.21940963994643
20
717.85824642707996
10
412.28199957631438
20
717.3618169302365
10
412.03378491360689
20
718.3305219840156
10
413.97119489152459
20
718.82695145889602
0
LWPOLYLINE
5
1254
100
AcDbEntity
8
0
100
AcDbPolyline
90
4
70
1
43
0.0
10
438.26479243887707
20
761.24683117269922
10
438.01657777616958
20
762.21553622647843
10
439.95398775408728
20
762.71196570135885
10
440.20220250250907
20
761.74326066954268
0
LWPOLYLINE
5
1255
100
AcDbEntity
8
0
100
AcDbPolyline
90
4
70
1
43
0.0
10
422.63212584571215
20
733.45528953971689
10
422.88034059413394
20
732.48658450790072
10
420.94293053050188
20
731.99015501105737
10
420.69471586779446
20
732.95886006483659
0
LWPOLYLINE
5
1256
100
AcDbEntity
8
0
100
AcDbPolyline
90
4
70
1
43
0.0
10
315.92986680774038
20
578.11289896727044
10
314.00294253580222
20
577.57720983146964
10
313.73509805315223
20
578.54067199113877
10
315.66202223983981
20
579.07636110323949
0
LWPOLYLINE
5
1257
100
AcDbEntity
8
0
100
AcDbPolyline
90
4
70
1
43
0.0
10
332.65374927365838
20
607.71546228983016
10
330.72682500172027
20
607.17977315402925
10
330.45898051907034
20
608.1432353136986
10
332.38590470575792
20
608.67892442579921
0
LWPOLYLINE
5
1258
100
AcDbEntity
8
0
100
AcDbPolyline
90
4
70
1
43
0.0
10
305.37315682019323
20
563.73939032985902
10
307.30008100688087
20
564.27507944195975
10
307.56792557478127
20
563.31161730599047
10
305.64100130284311
20
562.77592817018967
0
LWPOLYLINE
5
1259
100
AcDbEntity
8
0
100
AcDbPolyline
90
4
70
1
43
0.0
10
297.01121558723418
20
548.93810866857916
10
298.93813977392176
20
549.47379778067989
10
299.20598434182227
20
548.51033564471072
10
297.27906006988411
20
547.97464650890993
0
LWPOLYLINE
5
1260
100
AcDbEntity
8
0
100
AcDbPolyline
90
4
70
1
43
0.0
10
364.17458993355643
20
666.38489979914868
10
363.90674545090644
20
667.34836195881803
10
365.83366963759408
20
667.88405107091876
10
366.10151420549448
20
666.92058893494959
0
LWPOLYLINE
5
1261
100
AcDbEntity
8
0
100
AcDbPolyline
90
4
70
1
43
0.0
10
355.81264870059738
20
651.58361813786883
10
355.54480421794744
20
652.54708029753817
10
357.47172840463509
20
653.08276940963879
10
357.73957297253554
20
652.11930727366985
0
LWPOLYLINE
5
1262
100
AcDbEntity
8
0
100
AcDbPolyline
90
4
70
1
43
0.0
10
455.88809901345593
20
830.16246023289636
10
457.81502320014351
20
830.6981493449972
10
458.08286776804403
20
829.73468720902804
10
456.15594349610592
20
829.19899807322713
0
LWPOLYLINE
5
1263
100
AcDbEntity
8
0
100
AcDbPolyline
90
4
70
1
43
0.0
10
324.02396347279887
20
593.87764276451935
10
324.29180804069927
20
592.91418062855018
10
322.36488376876127
20
592.37849149274939
10
322.09703928611128
20
593.34195365241862
0
LWPOLYLINE
5
1264
100
AcDbEntity
8
0
100
AcDbPolyline
90
4
70
1
43
0.0
10
288.64927435427512
20
534.1368270072993
10
290.57619854096276
20
534.67251611939992
10
290.84404310886322
20
533.70905398343086
10
288.91711883692506
20
533.17336484762995
0
LWPOLYLINE
5
1265
100
AcDbEntity
8
0
100
AcDbPolyline
90
4
70
1
43
0.0
10
347.18286298498845
20
637.74579863625831
10
349.10978717167609
20
638.28148774835904
10
349.37763173957643
20
637.31802561238976
10
347.45070746763827
20
636.78233647658897
0
LWPOLYLINE
5
1266
100
AcDbEntity
8
0
100
AcDbPolyline
90
4
70
1
43
0.0
10
464.51788472906492
20
844.0002797345071
10
464.25004024641498
20
844.96374189417634
10
466.17696443310257
20
845.49943100627718
10
466.44480900100302
20
844.53596887030801
0
LWPOLYLINE
5
1267
100
AcDbEntity
8
0
100
AcDbPolyline
90
4
70
1
43
0.0
10
380.89847239947454
20
695.98746312170852
10
380.63062791682455
20
696.95092528137775
10
382.55755210351225
20
697.48661439347859
10
382.82539667141265
20
696.52315225750942
0
LWPOLYLINE
5
1268
100
AcDbEntity
8
0
100
AcDbPolyline
90
4
70
1
43
0.0
10
341.01569050661743
20
622.51674395111002
10
339.08876623467933
20
621.98105481530911
10
338.82092175202945
20
622.94451697497846
10
340.74784593871703
20
623.48020608707907
0
LWPOLYLINE
5
1269
100
AcDbEntity
8
0
100
AcDbPolyline
90
4
70
1
43
0.0
10
391.1873379043717
20
711.32443391878928
10
389.2604136324336
20
710.78874478298826
10
388.99256914978366
20
711.75220694265761
10
390.91949333647131
20
712.28789605475845
0
LWPOLYLINE
5
1270
100
AcDbEntity
8
0
100
AcDbPolyline
90
4
70
1
43
0.0
10
439.43206103018781
20
799.59643475066741
10
439.16421654753788
20
800.55989691033687
10
441.09114073422552
20
801.09558602243749
10
441.35898530212592
20
800.13212388646843
0
LWPOLYLINE
5
1271
100
AcDbEntity
8
0
100
AcDbPolyline
90
4
70
1
43
0.0
10
432.72919950126652
20
786.29430436115763
10
432.99704406916692
20
785.33084222518846
10
431.07011979722876
20
784.79515308938755
10
430.80227531457888
20
785.7586152490569
0
LWPOLYLINE
5
1272
100
AcDbEntity
8
0
100
AcDbPolyline
90
4
70
1
43
0.0
10
414.3462373313107
20
755.19258976682772
10
414.07839284866071
20
756.15605192649707
10
416.00531703534836
20
756.69174103859791
10
416.27316160324881
20
755.72827890262874
0
LWPOLYLINE
5
1273
100
AcDbEntity
8
0
100
AcDbPolyline
90
4
70
1
43
0.0
10
449.45308196718452
20
815.89686768371735
10
449.72092653508491
20
814.93340554774818
10
447.79400226314681
20
814.39771641194727
10
447.52615778049687
20
815.36117857161662
0
LWPOLYLINE
5
1274
100
AcDbEntity
8
0
100
AcDbPolyline
90
4
70
1
43
0.0
10
372.53653116651549
20
681.18618146042854
10
372.2686866838655
20
682.14964362009778
10
374.19561087055314
20
682.68533273219862
10
374.46345543845359
20
681.72187059622945
0
LWPOLYLINE
5
1275
100
AcDbEntity
8
0
100
AcDbPolyline
90
4
70
1
43
0.0
10
399.5492791373307
20
726.12571558006925
10
397.62235486539259
20
725.59002644426812
10
397.35451038274266
20
726.55348860393747
10
399.28143456943025
20
727.08917771603808
0
LWPOLYLINE
5
1276
100
AcDbEntity
8
0
100
AcDbPolyline
90
4
70
1
43
0.0
10
422.7081785642697
20
769.9938714281077
10
422.44033408161977
20
770.95733358777704
10
424.36725826830747
20
771.49302269987788
10
424.63510283620786
20
770.52956056390872
0
LWPOLYLINE
5
1277
100
AcDbEntity
8
0
100
AcDbPolyline
90
4
70
1
43
0.0
10
407.6433758023893
20
741.89045937731805
10
407.9112203702897
20
740.92699724134889
10
405.98429609835159
20
740.39130810554798
10
405.71645161570166
20
741.35477026521721
0
LWPOLYLINE
5
1278
100
AcDbEntity
8
0
100
AcDbPolyline
90
4
70
1
43
0.0
10
304.11921205443582
20
584.41227703812592
10
302.20356904277185
20
583.83754940536198
10
301.9162053111412
20
584.79537093662123
10
303.83184823805374
20
585.37009854395785
0
LWPOLYLINE
5
1279
100
AcDbEntity
8
0
100
AcDbPolyline
90
4
70
1
43
0.0
10
320.23821116203771
20
614.34850705743747
10
318.32256815037374
20
613.77377942467342
10
318.03520441874309
20
614.73160095593278
10
319.95084734565569
20
615.3063285632694
0
LWPOLYLINE
5
1280
100
AcDbEntity
8
0
100
AcDbPolyline
90
4
70
1
43
0.0
10
293.85670575734025
20
569.82725592696556
10
295.77234868425279
20
570.40198353430219
10
296.0597125006347
20
569.44416202847015
10
294.14406948897079
20
568.86943439570609
0
LWPOLYLINE
5
1281
100
AcDbEntity
8
0
100
AcDbPolyline
90
4
70
1
43
0.0
10
285.79720620353925
20
554.85914091730979
10
287.71284913045184
20
555.43386852464641
10
288.00021294683381
20
554.47604701881437
10
286.08456993516984
20
553.90131938605043
0
LWPOLYLINE
5
1282
100
AcDbEntity
8
0
100
AcDbPolyline
90
4
70
1
43
0.0
10
350.56056636557764
20
673.64623946329641
10
350.27320263394705
20
674.60406099455577
10
352.18884556085953
20
675.17878860189228
10
352.47620937724156
20
674.22096709606035
0
LWPOLYLINE
5
1283
100
AcDbEntity
8
0
100
AcDbPolyline
90
4
70
1
43
0.0
10
342.5010668117767
20
658.67812445364075
10
342.21370308014605
20
659.63594598489999
10
344.12934600705859
20
660.2106735922365
10
344.41670982344067
20
659.2528520864048
0
LWPOLYLINE
5
1284
100
AcDbEntity
8
0
100
AcDbPolyline
90
4
70
1
43
0.0
10
438.92769772575781
20
839.25332610076907
10
440.84334065267029
20
839.8280537081057
10
441.13070446905232
20
838.87023220227377
10
439.21506145738829
20
838.29550456950983
0
LWPOLYLINE
5
1285
100
AcDbEntity
8
0
100
AcDbPolyline
90
4
70
1
43
0.0
10
311.89134779185468
20
600.33821355361363
10
312.17871160823671
20
599.3803920477817
10
310.26306859657274
20
598.80566441501765
10
309.9757048649422
20
599.763485946277
0
LWPOLYLINE
5
1286
100
AcDbEntity
8
0
100
AcDbPolyline
90
4
70
1
43
0.0
10
277.7377066497383
20
539.89102590765401
10
279.65334957665084
20
540.46575351499064
10
279.94071339303281
20
539.50793200915859
10
278.02507038136889
20
538.93320437639466
0
LWPOLYLINE
5
1287
100
AcDbEntity
8
0
100
AcDbPolyline
90
4
70
1
43
0.0
10
334.1542035263451
20
644.66783097524421
10
336.0698464532577
20
645.24255858258084
10
336.35721026963961
20
644.2847370767488
10
334.44156725797563
20
643.71000944398486
0
LWPOLYLINE
5
1288
100
AcDbEntity
8
0
100
AcDbPolyline
90
4
70
1
43
0.0
10
447.27456101118935
20
853.26361957916561
10
446.98719727955876
20
854.22144111042485
10
448.9028402064713
20
854.79616871776147
10
449.19020402285332
20
853.83834721192954
0
LWPOLYLINE
5
1289
100
AcDbEntity
8
0
100
AcDbPolyline
90
4
70
1
43
0.0
10
366.67956547317954
20
703.58246948260796
10
366.392201741549
20
704.54029101386732
10
368.30784466846154
20
705.11501862120383
10
368.59520848484357
20
704.1571971153719
0
LWPOLYLINE
5
1290
100
AcDbEntity
8
0
100
AcDbPolyline
90
4
70
1
43
0.0
10
328.29771071583872
20
629.31662206709325
10
326.38206770417469
20
628.7418944343292
10
326.09470397254415
20
629.69971596558855
10
328.01034689945664
20
630.27444357292518
0
LWPOLYLINE
5
1291
100
AcDbEntity
8
0
100
AcDbPolyline
90
4
70
1
43
0.0
10
376.65470803864457
20
719.12531212502768
10
374.7390650269806
20
718.55058449226374
10
374.45170129535001
20
719.50840602352309
10
376.36734422226255
20
720.08313363085972
0
LWPOLYLINE
5
1292
100
AcDbEntity
8
0
100
AcDbPolyline
90
4
70
1
43
0.0
10
423.09606234978645
20
808.35927455019839
10
422.80869861815586
20
809.31709608145763
10
424.72434154506846
20
809.89182368879426
10
425.01170536145037
20
808.93400218296233
0
LWPOLYLINE
5
1293
100
AcDbEntity
8
0
100
AcDbPolyline
90
4
70
1
43
0.0
10
416.66484199126739
20
794.92370867913849
10
416.95220580764948
20
793.96588717330656
10
415.03656279598545
20
793.39115954054262
10
414.74919906435491
20
794.34898107180186
0
LWPOLYLINE
5
1294
100
AcDbEntity
8
0
100
AcDbPolyline
90
4
70
1
43
0.0
10
398.91756368838344
20
763.45492952123095
10
398.63019995675296
20
764.41275105249031
10
400.54584288366539
20
764.98747865982693
10
400.83320670004747
20
764.02965715399489
0
LWPOLYLINE
5
1295
100
AcDbEntity
8
0
100
AcDbPolyline
90
4
70
1
43
0.0
10
432.78384109886929
20
824.85993869844992
10
433.07120491525131
20
823.90211719261799
10
431.1555619035874
20
823.32738955985405
10
430.86819817195681
20
824.2852110911133
0
LWPOLYLINE
5
1296
100
AcDbEntity
8
0
100
AcDbPolyline
90
4
70
1
43
0.0
10
358.62006591937859
20
688.61435447295219
10
358.332702187748
20
689.57217600421154
10
360.24834511466054
20
690.14690361154805
10
360.53570893104256
20
689.18908210571612
0
LWPOLYLINE
5
1297
100
AcDbEntity
8
0
100
AcDbPolyline
90
4
70
1
43
0.0
10
384.71420759244552
20
734.09342713468345
10
382.79856458078154
20
733.51869950191951
10
382.51120084915095
20
734.47652103317876
10
384.42684377606349
20
735.05124864051538
0
LWPOLYLINE
5
1298
100
AcDbEntity
8
0
100
AcDbPolyline
90
4
70
1
43
0.0
10
406.97706324218444
20
778.42304453088673
10
406.68969951055385
20
779.38086606214608
10
408.60534243746645
20
779.95559366948271
10
408.89270625384847
20
778.99777216365078
0
LWPOLYLINE
5
1299
100
AcDbEntity
8
0
100
AcDbPolyline
90
4
70
1
43
0.0
10
392.48634332986444
20
750.01936365017116
10
392.77370714624647
20
749.06154214433911
10
390.85806413458249
20
748.48681451157518
10
390.57070040295196
20
749.44463604283453
0
LWPOLYLINE
5
1300
100
AcDbEntity
8
0
100
AcDbPolyline
90
4
70
1
43
0.0
10
697.03399360494529
20
6.4142086325043319
10
698.44821197203544
20
5
10
697.74110762449982
20
4.2928907851709743
10
696.32688919484178
20
5.7070994802422188
0
LWPOLYLINE
5
1301
100
AcDbEntity
8
0
100
AcDbPolyline
90
4
70
1
43
0.0
10
884.74110762449982
20
4.2928907851709743
10
883.3268891948419
20
5.7070994802422188
10
884.03399360494529
20
6.4142086325043319
10
885.44821197203544
20
5
0
LWPOLYLINE
5
1302
100
AcDbEntity
8
0
100
AcDbPolyline
90
4
70
1
43
0.0
10
934.32688919484178
20
5.7070994802422188
10
935.03399360494529
20
6.4142086325043319
10
936.44821197203544
20
5
10
935.74110762449982
20
4.2928907851709743
0
LWPOLYLINE
5
1303
100
AcDbEntity
8
0
100
AcDbPolyline
90
4
70
1
43
0.0
10
832.3268891948419
20
5.7070994802422188
10
833.03399360494518
20
6.4142086325043319
10
834.44821197203532
20
5
10
833.74110762449982
20
4.2928907851709743
0
LWPOLYLINE
5
1304
100
AcDbEntity
8
0
100
AcDbPolyline
90
4
70
1
43
0.0
10
817.44821197203555
20
5
10
816.74110762449982
20
4.2928907851709743
10
815.3268891948419
20
5.7070994802422188
10
816.03399360494541
20
6.4142086325043319
0
LWPOLYLINE
5
1305
100
AcDbEntity
8
0
100
AcDbPolyline
90
4
70
1
43
0.0
10
868.44821197203544
20
5
10
867.74110762449982
20
4.2928907851709743
10
866.32688919484178
20
5.7070994802422188
10
867.03399360494529
20
6.4142086325043319
0
LWPOLYLINE
5
1306
100
AcDbEntity
8
0
100
AcDbPolyline
90
4
70
1
43
0.0
10
952.74110762449982
20
4.2928907851709743
10
951.32688919484178
20
5.7070994802422188
10
952.03399360494529
20
6.4142086325043319
10
953.44821197203544
20
5
0
LWPOLYLINE
5
1307
100
AcDbEntity
8
0
100
AcDbPolyline
90
4
70
1
43
0.0
10
679.32688919484178
20
5.7070994802422188
10
680.03399360494529
20
6.4142086325043319
10
681.44821197203544
20
5
10
680.74110762449982
20
4.2928907851709743
0
LWPOLYLINE
5
1308
100
AcDbEntity
8
0
100
AcDbPolyline
90
4
70
1
43
0.0
10
901.74110762449982
20
4.2928907851709743
10
900.3268891948419
20
5.7070994802422188
10
901.03399360494541
20
6.4142086325043319
10
902.44821197203555
20
5
0
LWPOLYLINE
5
1309
100
AcDbEntity
8
0
100
AcDbPolyline
90
4
70
1
43
0.0
10
849.32688919484178
20
5.7070994802422188
10
850.03399360494529
20
6.4142086325043319
10
851.44821197203544
20
5
10
850.74110762449982
20
4.2928907851709743
0
LWPOLYLINE
5
1310
100
AcDbEntity
8
0
100
AcDbPolyline
90
4
70
1
43
0.0
10
663.74110762449982
20
4.2928907851709743
10
662.3268891948419
20
5.7070994802422188
10
663.03399360494518
20
6.4142086325043319
10
664.44821197203532
20
5
0
LWPOLYLINE
5
1311
100
AcDbEntity
8
0
100
AcDbPolyline
90
4
70
1
43
0.0
10
799.03399360494529
20
6.4142086325043319
10
800.44821197203544
20
5
10
799.74110762449982
20
4.2928907851709743
10
798.3268891948419
20
5.7070994802422188
0
LWPOLYLINE
5
1312
100
AcDbEntity
8
0
100
AcDbPolyline
90
4
70
1
43
0.0
10
714.03399360494529
20
6.4142086325043319
10
715.44821197203544
20
5
10
714.74110762449982
20
4.2928907851709743
10
713.3268891948419
20
5.7070994802422188
0
LWPOLYLINE
5
1313
100
AcDbEntity
8
0
100
AcDbPolyline
90
4
70
1
43
0.0
10
748.03399360494518
20
6.4142086325043319
10
749.44821197203532
20
5
10
748.74110762449982
20
4.2928907851709743
10
747.3268891948419
20
5.7070994802422188
0
LWPOLYLINE
5
1314
100
AcDbEntity
8
0
100
AcDbPolyline
90
4
70
1
43
0.0
10
731.7411076244997
20
4.2928907851709743
10
730.32688919484167
20
5.7070994802422188
10
731.03399360494541
20
6.4142086325043319
10
732.44821197203555
20
5
0
LWPOLYLINE
5
1315
100
AcDbEntity
8
0
100
AcDbPolyline
90
4
70
1
43
0.0
10
764.32688919484178
20
5.7070994802422188
10
765.03399360494529
20
6.4142086325043319
10
766.44821197203544
20
5
10
765.74110762449982
20
4.2928907851709743
0
LWPOLYLINE
5
1316
100
AcDbEntity
8
0
100
AcDbPolyline
90
4
70
1
43
0.0
10
782.03399360494529
20
6.4142086325043319
10
783.44821197203544
20
5
10
782.74110762449982
20
4.2928907851709743
10
781.32688919484178
20
5.7070994802422188
0
LWPOLYLINE
5
1317
100
AcDbEntity
8
0
100
AcDbPolyline
90
4
70
1
43
0.0
10
629.74110762449982
20
4.2928907851709743
10
628.3268891948419
20
5.7070994802422188
10
629.03399360494529
20
6.4142086325043319
10
630.44821197203544
20
5
0
LWPOLYLINE
5
1318
100
AcDbEntity
8
0
100
AcDbPolyline
90
4
70
1
43
0.0
10
612.74110762449982
20
4.2928907851709743
10
611.32688919484178
20
5.7070994802422188
10
612.03399360494529
20
6.4142086325043319
10
613.44821197203544
20
5
0
LWPOLYLINE
5
1319
100
AcDbEntity
8
0
100
AcDbPolyline
90
4
70
1
43
0.0
10
646.03399360494541
20
6.4142086325043319
10
647.44821197203555
20
5
10
646.7411076244997
20
4.2928907851709743
10
645.32688919484167
20
5.7070994802422188
0
LWPOLYLINE
5
1320
100
AcDbEntity
8
0
100
AcDbPolyline
90
4
70
1
43
0.0
10
918.74110762449982
20
4.2928907851709743
10
917.3268891948419
20
5.7070994802422188
10
918.03399360494541
20
6.4142086325043319
10
919.44821197203555
20
5
0
LWPOLYLINE
5
1321
100
AcDbEntity
8
0
100
AcDbPolyline
90
4
70
1
43
0.0
10
968.3268891948419
20
5.7070994802422188
10
969.03399360494529
20
6.4142086325043319
10
970.44821197203544
20
5
10
969.74110762449982
20
4.2928907851709743
0
LWPOLYLINE
5
1322
100
AcDbEntity
8
0
100
AcDbPolyline
90
4
70
1
43
0.0
10
969.91010227104539
20
45.317316248805213
10
967.9105152286761
20
45.276675628881407
10
967.8901950071795
20
46.276469151864603
10
969.8897819610836
20
46.317109769990026
0
LWPOLYLINE
5
1323
100
AcDbEntity
8
0
100
AcDbPolyline
90
4
70
1
43
0.0
10
967.35515349383707
20
83.685558182633045
10
965.35874369533246
20
83.565775394076823
10
965.29885238937925
20
84.563980298629019
10
967.29526209955895
20
84.683763081885459
0
LWPOLYLINE
5
1324
100
AcDbEntity
8
0
100
AcDbPolyline
90
4
70
1
43
0.0
10
963.28301027857015
20
121.92254815283414
10
961.29290888194555
20
121.72381106230432
10
961.19354042472628
20
122.7188617694096
10
963.18364173330542
20
122.91759885114656
0
LWPOLYLINE
5
1325
100
AcDbEntity
8
0
100
AcDbPolyline
90
4
70
1
43
0.0
10
957.70005935199617
20
159.96831547718142
10
955.71938762120431
20
159.69093578282454
10
955.58069786165436
20
160.68127166049271
10
957.56136950481778
20
160.95865134257747
0
LWPOLYLINE
5
1326
100
AcDbEntity
8
0
100
AcDbPolyline
90
4
70
1
43
0.0
10
950.61505698327153
20
197.76318938598115
10
948.64692139282988
20
197.40760212856583
10
948.46912785119616
20
198.39166993951898
10
950.43726335456404
20
198.74725718120209
0
LWPOLYLINE
5
1327
100
AcDbEntity
8
0
100
AcDbPolyline
90
4
70
1
43
0.0
10
942.03911525067338
20
235.24789260937595
10
940.08660261348666
20
234.81465548997735
10
939.86998414016978
20
235.79091182773851
10
941.82249669097416
20
236.22414892796954
0
LWPOLYLINE
5
1328
100
AcDbEntity
8
0
100
AcDbPolyline
90
4
70
1
43
0.0
10
931.98568461347804
20
272.363634347485
10
930.05185723949762
20
271.85342685278965
10
929.796753577706
20
272.82034056235284
10
931.73058086613059
20
273.33054803447533
0
LWPOLYLINE
5
1329
100
AcDbEntity
8
0
100
AcDbPolyline
90
4
70
1
43
0.0
10
920.47053281633566
20
309.05220247756699
10
918.5584237096507
20
308.46582481416965
10
918.26523496254708
20
309.42187939345507
10
920.17734398463699
20
310.0082570309097
0
LWPOLYLINE
5
1330
100
AcDbEntity
8
0
100
AcDbPolyline
90
4
70
1
43
0.0
10
907.51172015922691
20
345.25605485358994
10
905.6243282611166
20
344.59442669295368
10
905.29351426430003
20
345.53812267128092
10
907.18090607890895
20
346.19975080264521
0
LWPOLYLINE
5
1331
100
AcDbEntity
8
0
100
AcDbPolyline
90
4
70
1
43
0.0
10
893.12957117178928
20
380.91840955501209
10
891.26985665720076
20
380.18256859106123
10
890.90193625750226
20
381.11242588091096
10
892.76165068981391
20
381.84826681230646
0
LWPOLYLINE
5
1332
100
AcDbEntity
8
0
100
AcDbPolyline
90
4
70
1
43
0.0
10
877.34664273643784
20
415.9833339432306
10
875.51752237126379
20
415.17443426483715
10
875.11307261299055
20
416.08899448321182
10
876.94219289724106
20
416.89789412581774
0
LWPOLYLINE
5
1333
100
AcDbEntity
8
0
100
AcDbPolyline
90
4
70
1
43
0.0
10
860.18768871027669
20
450.39583238602017
10
858.39203127671658
20
449.51514266693698
10
857.95168649661787
20
450.41297142268087
10
859.74734385073521
20
451.29366110280051
0
LWPOLYLINE
5
1334
100
AcDbEntity
8
0
100
AcDbPolyline
90
4
70
1
43
0.0
10
841.67962110128713
20
484.10193251237666
10
839.92024289846404
20
483.15083402145672
10
839.444693730842
20
484.03052316494717
10
841.20407185582724
20
484.98162161378843
0
LWPOLYLINE
5
1335
100
AcDbEntity
8
0
100
AcDbPolyline
90
4
70
1
43
0.0
10
821.85146785968357
20
517.04876986248337
10
820.13112828657756
20
516.02875429730591
10
819.6211205800995
20
516.88892412898679
10
821.34146007709489
20
517.90893964903671
0
LWPOLYLINE
5
1336
100
AcDbEntity
8
0
100
AcDbPolyline
90
4
70
1
43
0.0
10
800.73432735063898
20
549.18467080003575
10
799.05572457826042
20
548.09733794733518
10
798.51205822617442
20
548.93663938163058
10
800.19066092428886
20
550.02397218622525
0
LWPOLYLINE
5
1337
100
AcDbEntity
8
0
100
AcDbPolyline
90
4
70
1
43
0.0
10
778.36131957978137
20
580.4592335568841
10
776.72708631937451
20
579.30628878345419
10
776.15061400496086
20
580.12340546466646
10
777.78484719306653
20
581.2763501870877
0
LWPOLYLINE
5
1338
100
AcDbEntity
8
0
100
AcDbPolyline
90
4
70
1
43
0.0
10
754.76753424796152
20
610.82340728288739
10
753.18023362187535
20
609.60665886089305
10
752.57185948110305
20
610.40030922776771
10
754.15916003696429
20
611.61705759593065
0
LWPOLYLINE
5
1339
100
AcDbEntity
8
0
100
AcDbPolyline
90
4
70
1
43
0.0
10
729.98997571676159
20
640.2295689769926
10
728.45209723846267
20
638.95092524788606
10
727.81277544194734
20
639.71986454360547
10
729.35065385220832
20
640.99850821614245
0
LWPOLYLINE
5
1340
100
AcDbEntity
8
0
100
AcDbPolyline
90
4
70
1
43
0.0
10
704.06750497106009
20
668.63159817888527
10
702.58146064059304
20
667.29306456037352
10
701.91219389708226
20
668.03608678482658
10
703.39823816180433
20
669.37462034411897
0
LWPOLYLINE
5
1341
100
AcDbEntity
8
0
100
AcDbPolyline
90
4
70
1
43
0.0
10
677.04077866967987
20
695.98494930406162
10
675.60889919070109
20
694.58862514482132
10
674.91073717442941
20
695.30456494608711
10
676.34261659005983
20
696.70088904355134
0
LWPOLYLINE
5
1342
100
AcDbEntity
8
0
100
AcDbPolyline
90
4
70
1
43
0.0
10
648.95218537971095
20
722.24672150887704
10
647.57671650402449
20
720.79479679594692
10
646.85075420841213
20
721.4825312980264
10
648.22622302324589
20
722.93445594672039
0
LWPOLYLINE
5
1343
100
AcDbEntity
8
0
100
AcDbPolyline
90
4
70
1
43
0.0
10
619.8457790945165
20
747.37572597598842
10
618.52887809985054
20
745.87047790000656
10
617.77625412012139
20
746.52892846393468
10
619.09315505652557
20
748.03417647332151
0
LWPOLYLINE
5
1344
100
AcDbEntity
8
0
100
AcDbPolyline
90
4
70
1
43
0.0
10
589.76721013969711
20
771.33255051466767
10
588.51094244624153
20
769.77633989833748
10
587.73283719365554
20
770.40447381391516
10
588.9891048315319
20
771.96068436139558
0
LWPOLYLINE
5
1345
100
AcDbEntity
8
0
100
AcDbPolyline
90
4
70
1
43
0.0
10
558.76365357537168
20
794.07962137466154
10
557.56998950638399
20
792.47488897005132
10
556.76762335688829
20
793.07172107554163
10
557.9612873730664
20
794.67645340915567
0
LWPOLYLINE
5
1346
100
AcDbEntity
8
0
100
AcDbPolyline
90
4
70
1
43
0.0
10
526.88373520707819
20
815.58126217665233
10
525.75454689863977
20
813.93052483713268
10
524.92917827883684
20
814.49511906438386
10
526.05836653731831
20
816.14585633087199
0
LWPOLYLINE
5
1347
100
AcDbEntity
8
0
100
AcDbPolyline
90
4
70
1
43
0.0
10
494.17745532132892
20
835.8037498668931
10
493.11451378609706
20
834.10959659971854
10
492.26743719953589
20
834.64106744228729
10
493.33037868774164
20
836.33522063450914
0
LWPOLYLINE
5
1348
100
AcDbEntity
8
0
100
AcDbPolyline
90
4
70
1
43
0.0
10
460.69611026544055
20
854.71536760825643
10
459.70108261500252
20
852.98045551398104
10
458.83362661188619
20
853.47796941595607
10
459.82865421830286
20
855.21288143347556
0
ENDSEC
0
SECTION
2
OBJECTS
0
DICTIONARY
5
C
100
AcDbDictionary
3
ACAD_GROUP
350
D
3
ACAD_MLINESTYLE
350
17
0
DICTIONARY
5
D
100
AcDbDictionary
0
DICTIONARY
5
1A
330
C
100
AcDbDictionary
0
DICTIONARY
5
17
100
AcDbDictionary
0
ENDSEC
0
EOF
